Timestamp                       Thread     Type        Activity             PID    TTL  
2026-09-29 16:18:33.284459+0000 0x19f55    Default     0x0                  40755  0    GitHubStore: (libxpc.dylib) [com.apple.xpc:connection] [0x10bb06310] activating connection: mach=true listener=false peer=false name=com.apple.cfprefsd.daemon
2026-09-29 16:18:33.286732+0000 0x19f4a    Default     0x0                  40755  0    GitHubStore: (libMobileGestalt.dylib) No persisted cache on this platform.
2026-09-29 16:18:33.292726+0000 0x19f55    Default     0x0                  40755  0    GitHubStore: (UIKitCore) [com.apple.UIKit:BackgroundTask] Creating new assertion because there is no existing background assertion.
2026-09-29 16:18:33.292829+0000 0x19f55    Default     0x0                  40755  0    GitHubStore: (UIKitCore) [com.apple.UIKit:BackgroundTask] Creating new background assertion
2026-09-29 16:18:33.293026+0000 0x19f55    Default     0x0                  40755  0    GitHubStore: (UIKitCore) [com.apple.UIKit:BackgroundTask] Created new background assertion <BKSProcessAssertion: 0x600002103340>
2026-09-29 16:18:33.293104+0000 0x19f55    Default     0x0                  40755  0    GitHubStore: (RunningBoardServices) [com.apple.runningboard:connection] Initializing connection
2026-09-29 16:18:33.293187+0000 0x19f55    Default     0x0                  40755  0    GitHubStore: (RunningBoardServices) [com.apple.runningboard:process] Removing all cached process handles
2026-09-29 16:18:33.293443+0000 0x19f4a    Default     0x0                  40755  0    GitHubStore: (BoardServices) [com.apple.BoardServices:XPCErrors] [C:1] Alloc com.apple.frontboard.systemappservices
2026-09-29 16:18:33.293790+0000 0x19f55    Default     0x0                  40755  0    GitHubStore: (RunningBoardServices) [com.apple.runningboard:connection] Creating connection to com.apple.runningboard
2026-09-29 16:18:33.293922+0000 0x19f55    Default     0x0                  40755  0    GitHubStore: (libxpc.dylib) [com.apple.xpc:connection] [0x10bd064d0] activating connection: mach=true listener=false peer=false name=com.apple.runningboard
2026-09-29 16:18:33.294187+0000 0x19f57    Default     0x0                  40755  0    GitHubStore: (RunningBoardServices) [com.apple.runningboard:connection] Sending handshake request attempt #1 to server
2026-09-29 16:18:33.294349+0000 0x19f4a    Default     0x0                  40755  0    GitHubStore: (libxpc.dylib) [com.apple.xpc:connection] [0x10bc04aa0] activating connection: mach=false listener=false peer=false name=(anonymous)
2026-09-29 16:18:33.296683+0000 0x19f57    Default     0x0                  40755  0    GitHubStore: (RunningBoardServices) [com.apple.runningboard:connection] Handshake succeeded
2026-09-29 16:18:33.302424+0000 0x19f57    Default     0x0                  40755  0    GitHubStore: (RunningBoardServices) [com.apple.runningboard:connection] Identity resolved as app<zed.rainxch.githubstore((null))>
2026-09-29 16:18:33.304094+0000 0x19f55    Default     0x0                  40755  0    GitHubStore: (UIKitCore) [com.apple.UIKit:BackgroundTask] Incrementing reference count for background assertion <BKSProcessAssertion: 0x600002103340>
2026-09-29 16:18:33.304395+0000 0x19f55    Default     0x0                  40755  0    GitHubStore: (UIKitCore) [com.apple.UIKit:BackgroundTask] Created background task <_UIBackgroundTaskInfo: 0x6000017015c0>: taskID = 1, taskName = Launch Background Task for Coalescing, creationTime = 1408 (elapsed = 0).
2026-09-29 16:18:33.305166+0000 0x19f55    Default     0x0                  40755  0    GitHubStore: (FrontBoardServices) [com.apple.FrontBoard:SceneExtension] Realizing settings extension _UIApplicationSceneKeyboardSettings on FBSSceneSettings
2026-09-29 16:18:33.305228+0000 0x19f4a    Default     0x0                  40755  0    GitHubStore: (UIKitCore) [com.apple.UIKit:Application] Deactivation reason added: 10; deactivation reasons: 0 -> 1024; animating application lifecycle event: 0
2026-09-29 16:18:33.306477+0000 0x19f4a    Default     0x0                  40755  0    GitHubStore: (BoardServices) [com.apple.BoardServices:Injection] activating monitor for service com.apple.frontboard.open
2026-09-29 16:18:33.306931+0000 0x19f4a    Default     0x0                  40755  0    GitHubStore: (BoardServices) [com.apple.BoardServices:Injection] activating monitor for service com.apple.frontboard.workspace-service
2026-09-29 16:18:33.307665+0000 0x19f55    Default     0x0                  40755  0    GitHubStore: (FrontBoardServices) [com.apple.FrontBoard:SceneExtension] Realizing settings extension <_UISceneOcclusionSettings> on FBSSceneSettings
2026-09-29 16:18:33.308177+0000 0x19f55    Default     0x0                  40755  0    GitHubStore: (FrontBoardServices) [com.apple.FrontBoard:SceneExtension] Realizing settings extension <_UISceneInterfaceProtectionSettings> on FBSSceneSettings
2026-09-29 16:18:33.308419+0000 0x19f4a    Default     0x0                  40755  0    GitHubStore: (FrontBoardServices) [com.apple.FrontBoard:Common] FBSWorkspace registering source: com.apple.frontboard.systemappservices
2026-09-29 16:18:33.309049+0000 0x19f55    Default     0x0                  40755  0    GitHubStore: (FrontBoardServices) [com.apple.FrontBoard:SceneExtension] Realizing settings extension _UISceneLayoutPreferencesHostSettingsExtension on FBSSceneSettings
2026-09-29 16:18:33.309720+0000 0x19f55    Default     0x0                  40755  0    GitHubStore: (FrontBoardServices) [com.apple.FrontBoard:SceneExtension] Realizing settings extension _UISceneSafeAreaSettingsExtension on FBSSceneSettings
2026-09-29 16:18:33.312070+0000 0x19f55    Default     0x0                  40755  0    GitHubStore: (FrontBoardServices) [com.apple.FrontBoard:SceneExtension] Realizing settings extension _UISceneLayoutPreferenceClientSettingsExtension on FBSSceneClientSettings
2026-09-29 16:18:33.312751+0000 0x19f4a    Default     0x0                  40755  0    GitHubStore: (FrontBoardServices) [com.apple.FrontBoard:Common] FBSWorkspace connected to endpoint : <BSServiceConnectionEndpoint: 0x60000020b360; target: com.apple.frontboard.systemappservices; service: com.apple.frontboard.workspace-service>
2026-09-29 16:18:33.312793+0000 0x19f55    Default     0x0                  40755  0    GitHubStore: (FrontBoardServices) [com.apple.FrontBoard:SceneExtension] Realizing settings extension <_UIHomeAffordanceHostSceneSettings> on FBSSceneSettings
2026-09-29 16:18:33.313111+0000 0x19f55    Default     0x0                  40755  0    GitHubStore: (FrontBoardServices) [com.apple.FrontBoard:SceneExtension] Realizing settings extension _UISystemShellSceneHostingEnvironmentSettings on FBSSceneSettings
2026-09-29 16:18:33.313225+0000 0x19f4a    Default     0x0                  40755  0    GitHubStore: (FrontBoardServices) [com.apple.FrontBoard:Common] <FBSWorkspaceScenesClient:0x600003008750 com.apple.frontboard.systemappservices> attempting immediate handshake from activate
2026-09-29 16:18:33.313310+0000 0x19f4a    Default     0x0                  40755  0    GitHubStore: (FrontBoardServices) [com.apple.FrontBoard:Common] <FBSWorkspaceScenesClient:0x600003008750 com.apple.frontboard.systemappservices> sent handshake
2026-09-29 16:18:33.314580+0000 0x19f55    Default     0x0                  40755  0    GitHubStore: (FrontBoardServices) [com.apple.FrontBoard:SceneExtension] Realizing settings extension _UISceneRenderingEnvironmentSettings on FBSSceneSettings
2026-09-29 16:18:33.315108+0000 0x19f4a    Default     0x0                  40755  0    GitHubStore: (RunningBoardServices) [com.apple.runningboard:general] Added observer for process assertions expiration warning: <_RBSExpirationWarningClient: 0x600000213240>
2026-09-29 16:18:33.315667+0000 0x19f55    Default     0x0                  40755  0    GitHubStore: (FrontBoardServices) [com.apple.FrontBoard:SceneExtension] Realizing settings extension <_UISceneRenderingEnvironmentClientSettings> on FBSSceneClientSettings
2026-09-29 16:18:33.315928+0000 0x19f55    Default     0x0                  40755  0    GitHubStore: (FrontBoardServices) [com.apple.FrontBoard:SceneExtension] Realizing settings extension <_UISceneTransitioningHostSettings> on FBSSceneSettings
2026-09-29 16:18:33.316183+0000 0x19f55    Default     0x0                  40755  0    GitHubStore: (FrontBoardServices) [com.apple.FrontBoard:SceneExtension] Realizing settings extension <_UISceneFocusSystemSettings> on FBSSceneSettings
2026-09-29 16:18:33.316728+0000 0x19f55    Default     0x0                  40755  0    GitHubStore: (FrontBoardServices) [com.apple.FrontBoard:SceneExtension] Realizing settings extension _UISceneOrientationSettingsExtension on FBSSceneSettings
2026-09-29 16:18:33.316949+0000 0x19f55    Default     0x0                  40755  0    GitHubStore: (FrontBoardServices) [com.apple.FrontBoard:SceneExtension] Realizing settings extension _UISceneOrientationClientSettingsExtension on FBSSceneClientSettings
2026-09-29 16:18:33.317037+0000 0x19f55    Default     0x0                  40755  0    GitHubStore: (FrontBoardServices) [com.apple.FrontBoard:SceneExtension] Realizing settings extension _UISceneWindowingControlClientSettings on FBSSceneClientSettings
2026-09-29 16:18:33.318554+0000 0x19f55    Default     0x0                  40755  0    GitHubStore: (FrontBoardServices) [com.apple.FrontBoard:SceneExtension] Realizing settings extension <_UISceneHostingContentSizePreferenceClientSettings> on FBSSceneClientSettings
2026-09-29 16:18:33.323197+0000 0x19f55    Default     0x0                  40755  0    GitHubStore: (FrontBoardServices) [com.apple.FrontBoard:SceneExtension] Realizing settings extension _UISceneHostingTraitCollectionPropagationSettings on FBSSceneSettings
2026-09-29 16:18:33.324180+0000 0x19f55    Default     0x0                  40755  0    GitHubStore: (FrontBoardServices) [com.apple.FrontBoard:SceneExtension] Realizing settings extension <_UISceneHostingSheetPresentationSettings> on FBSSceneSettings
2026-09-29 16:18:33.325712+0000 0x19f55    Default     0x0                  40755  0    GitHubStore: (FrontBoardServices) [com.apple.FrontBoard:SceneExtension] Realizing settings extension <_UISceneHostingSheetPresentationClientSettings> on FBSSceneClientSettings
2026-09-29 16:18:33.326115+0000 0x19f55    Default     0x0                  40755  0    GitHubStore: (FrontBoardServices) [com.apple.FrontBoard:SceneExtension] Realizing settings extension <_UISceneHostingEventDeferringSettings> on FBSSceneSettings
2026-09-29 16:18:33.326712+0000 0x19f55    Default     0x0                  40755  0    GitHubStore: (FrontBoardServices) [com.apple.FrontBoard:SceneExtension] Realizing settings extension <UIKit__UITypedKeyValueSceneSettings> on FBSSceneSettings
2026-09-29 16:18:33.327041+0000 0x19f55    Default     0x0                  40755  0    GitHubStore: (FrontBoardServices) [com.apple.FrontBoard:SceneExtension] Realizing settings extension <UIKit__UITypedKeyValueSceneSettings> on FBSSceneClientSettings
2026-09-29 16:18:33.332057+0000 0x19f55    Default     0x0                  40755  0    GitHubStore: (FrontBoardServices) [com.apple.FrontBoard:SceneExtension] Realizing settings extension <_UISceneHostingViewControllerPreferencePropagationClientSettings> on FBSSceneClientSettings
2026-09-29 16:18:33.332577+0000 0x19f55    Default     0x0                  40755  0    GitHubStore: (FrontBoardServices) [com.apple.FrontBoard:SceneExtension] Realizing settings extension <_UISceneZoomTransitionSettings> on FBSSceneSettings
2026-09-29 16:18:33.333192+0000 0x19f5a    Default     0x0                  40755  0    GitHubStore: (FrontBoardServices) [com.apple.FrontBoard:SceneExtension] Realizing settings extension FBSSceneSettingsCore on FBSSceneSettings
2026-09-29 16:18:33.333785+0000 0x19f5a    Default     0x0                  40755  0    GitHubStore: (FrontBoardServices) [com.apple.FrontBoard:SceneExtension] Realizing settings extension FBSSceneClientSettingsCore on FBSSceneClientSettings
2026-09-29 16:18:33.336922+0000 0x19f5a    Default     0x0                  40755  0    GitHubStore: (FrontBoardServices) [com.apple.FrontBoard:SceneExtension] UIMutableApplicationSceneSettings setting counterpart class: UIApplicationSceneSettings
2026-09-29 16:18:33.337164+0000 0x19f5a    Default     0x0                  40755  0    GitHubStore: (FrontBoardServices) [com.apple.FrontBoard:SceneExtension] UIMutableApplicationSceneClientSettings setting counterpart class: UIApplicationSceneClientSettings
2026-09-29 16:18:33.338240+0000 0x19f4a    Default     0x0                  40755  0    GitHubStore: (UIKitCore) [com.apple.UIKit:UIScreen] Evaluated capturing state as 0 on <UIScreen: 0x10bd077f0> for initial
2026-09-29 16:18:33.338286+0000 0x19f5a    Default     0x0                  40755  0    GitHubStore: (FrontBoardServices) [com.apple.FrontBoard:SceneExtension] Realizing settings extension FBSSceneTransitionContextCore on FBSSceneTransitionContext
2026-09-29 16:18:33.338547+0000 0x19f4a    Default     0x0                  40755  0    GitHubStore: (UIKitCore) [com.apple.UIKit:UIScreen] Evaluated capturing state as 0 on <UIScreen: 0x10bd077f0> for CADisplay KVO
2026-09-29 16:18:33.343483+0000 0x19f4a    Default     0x0                  40755  0    GitHubStore: (libAccessibility.dylib) [com.apple.Accessibility:AXSupportCommon] Read CategoryName: per-app = 1, category name = (null)
2026-09-29 16:18:33.344766+0000 0x19f4a    Default     0x0                  40755  0    GitHubStore: (libAccessibility.dylib) [com.apple.Accessibility:AXSupportCommon] Read CategoryName: per-app = 0, category name = (null)
2026-09-29 16:18:33.374363+0000 0x19f4a    Default     0x0                  40755  0    GitHubStore: (XCTTargetBootstrap) [com.apple.dt.xctest:Default] Registering for test daemon availability notify post.
2026-09-29 16:18:33.375213+0000 0x19f4a    Default     0x0                  40755  0    GitHubStore: (XCTTargetBootstrap) [com.apple.dt.xctest:Default] notify_get_state check indicated test daemon not ready.
2026-09-29 16:18:33.375558+0000 0x19f4a    Default     0x0                  40755  0    GitHubStore: (XCTTargetBootstrap) [com.apple.dt.xctest:Default] notify_get_state check indicated test daemon not ready.
2026-09-29 16:18:33.375812+0000 0x19f4a    Default     0x0                  40755  0    GitHubStore: (XCTTargetBootstrap) [com.apple.dt.xctest:Default] notify_get_state check indicated test daemon not ready.
2026-09-29 16:18:33.376747+0000 0x19f4a    Default     0x0                  40755  0    GitHubStore: (UIKitCore) [com.apple.UIKit:Application] Deactivation reason added: 11; deactivation reasons: 1024 -> 3072; animating application lifecycle event: 0
2026-09-29 16:18:33.378225+0000 0x19f4a    Default     0x0                  40755  0    GitHubStore: (UIKitCore) [com.apple.UIKit:Application] Deactivation reason removed: 10; deactivation reasons: 3072 -> 2048; animating application lifecycle event: 0
2026-09-29 16:18:33.379258+0000 0x19f4a    Default     0x0                  40755  0    GitHubStore: (UIKitCore) [com.apple.UIKit:EventBus] Event Timing Profile for Touch: not found, path="/System/Library/EventTimingProfiles/Sim.Touch.plist"
2026-09-29 16:18:33.379709+0000 0x19f4a    Default     0x0                  40755  0    GitHubStore: (UIKitCore) [com.apple.UIKit:EventBus] Event Timing Profile for Pencil: not found, path="/System/Library/EventTimingProfiles/Sim.Pencil.plist"
2026-09-29 16:18:33.379953+0000 0x19f4a    Default     0x0                  40755  0    GitHubStore: (UIKitCore) [com.apple.UIKit:UpdateScheduler] Selected display: name=LCD (PurpleMain), id=1
2026-09-29 16:18:33.385825+0000 0x19f4a    Default     0x0                  40755  0    GitHubStore: (libxpc.dylib) [com.apple.xpc:connection] [0x10bc056e0] activating connection: mach=true listener=false peer=false name=com.apple.lsd.mapdb
2026-09-29 16:18:33.398377+0000 0x19f57    Activity    0x47400              40755  0    GitHubStore: (RunningBoardServices) didChangeInheritances
2026-09-29 16:18:33.546296+0000 0x19f5a    Activity    0x47401              40755  0    GitHubStore: (CoreFoundation) Loading Preferences From User Session CFPrefsD
2026-09-29 16:18:33.577322+0000 0x19f4a    Default     0x0                  40755  0    GitHubStore: (BoardServices) [com.apple.BoardServices:XPCErrors] [C:2] Alloc com.apple.backboard.hid-services.xpc
2026-09-29 16:18:33.577412+0000 0x19f4a    Default     0x0                  40755  0    GitHubStore: (libxpc.dylib) [com.apple.xpc:connection] [0x10bc09670] activating connection: mach=false listener=false peer=false name=(anonymous)
2026-09-29 16:18:33.584306+0000 0x19f4a    Default     0x0                  40755  0    GitHubStore: (UIKitCore) [com.apple.UIKit:BackgroundTask] Will add backgroundTask with taskName: Persistent SceneSession Map Update, expirationHandler: <__NSGlobalBlock__: 0x1e61729e0>
2026-09-29 16:18:33.584423+0000 0x19f4a    Default     0x0                  40755  0    GitHubStore: (UIKitCore) [com.apple.UIKit:BackgroundTask] Reusing background assertion <BKSProcessAssertion: 0x600002103340>
2026-09-29 16:18:33.584446+0000 0x19f4a    Default     0x0                  40755  0    GitHubStore: (UIKitCore) [com.apple.UIKit:BackgroundTask] Incrementing reference count for background assertion <BKSProcessAssertion: 0x600002103340>
2026-09-29 16:18:33.584651+0000 0x19f4a    Default     0x0                  40755  0    GitHubStore: (UIKitCore) [com.apple.UIKit:BackgroundTask] Created background task <_UIBackgroundTaskInfo: 0x600001713080>: taskID = 2, taskName = Persistent SceneSession Map Update, creationTime = 1409 (elapsed = 0).
2026-09-29 16:18:33.585297+0000 0x19f4a    Default     0x0                  40755  0    GitHubStore: (UIKitCore) [com.apple.UIKit:Application] Deactivation reason added: 5; deactivation reasons: 2048 -> 2080; animating application lifecycle event: 1
2026-09-29 16:18:33.586140+0000 0x19f4a    Default     0x0                  40755  0    GitHubStore: (UIKitCore) [com.apple.UIKit:InterfaceStyle] Should send trait collection or coordinate space update, interface style 1 -> 1, <UIWindowScene: 0x10bd065e0> (09DC9736-983B-4FCD-8658-2691A8D5897B)
2026-09-29 16:18:33.587271+0000 0x19f4a    Default     0x0                  40755  0    GitHubStore: (UIKitCore) [com.apple.UIKit:InterfaceStyle] Not push traits update to screen for new style 1, <UIWindowScene: 0x10bd065e0> (09DC9736-983B-4FCD-8658-2691A8D5897B)
2026-09-29 16:18:33.587792+0000 0x19f4a    Default     0x0                  40755  0    GitHubStore: (UIKitCore) [com.apple.UIKit:HomeAffordanceObservation] Initializing: <_UIHomeAffordanceSceneNotifier: 0x60000290f9c0>; with scene: <UIWindowScene: 0x10bd065e0>
2026-09-29 16:18:33.588506+0000 0x19f4a    Default     0x0                  40755  0    GitHubStore: (BacklightServices) [com.apple.BacklightServices:scenes] 0x600000c0f180 setDelegate:<0x600000c04720 _UIBacklightEnvironment> hasDelegate:YES for environment:sceneID:zed.rainxch.githubstore-default
2026-09-29 16:18:33.589169+0000 0x19f4a    Default     0x0                  40755  0    GitHubStore: (UIKitCore) [com.apple.UIKit:InterfaceStyle] Not push traits update to screen for new style 1, <UIWindowScene: 0x10bd065e0> (09DC9736-983B-4FCD-8658-2691A8D5897B)
2026-09-29 16:18:33.589389+0000 0x19f4a    Default     0x0                  40755  1    GitHubStore: (UIKitCore) [com.apple.UIKit:EventDeferring] [0x60000290fb10] Initialized with scene: <UIWindowScene: 0x10bd065e0>; behavior: <_UIEventDeferringBehavior_iOS: 0x60000021f520>; availableForProcess: 1, systemShellManagesKeyboardFocus: 1
2026-09-29 16:18:33.593112+0000 0x19f4a    Default     0x0                  40755  0    GitHubStore: (BackBoardServices) [com.apple.BackBoard:EventDelivery] policyStatus:<BKSHIDEventDeliveryPolicyObserver: 0x60000260eb80; process scope; status: target> was:none
2026-09-29 16:18:33.593578+0000 0x19f4a    Default     0x0                  40755  1    GitHubStore: (UIKitCore) [com.apple.UIKit:KeyWindow] Setting default evaluation strategy for UIUserInterfaceIdiomPhone to LastOneWins
2026-09-29 16:18:33.593788+0000 0x19f4a    Default     0x0                  40755  1    GitHubStore: (UIKitCore) [com.apple.UIKit:KeyWindow] Scene target of keyboard event deferring environment did change: 1; scene: UIWindowScene: 0x10bd065e0; scene identity: com.apple.frontboard.systemappservices/FBSceneManager:sceneID%3Azed.rainxch.githubstore-default
2026-09-29 16:18:33.594050+0000 0x19f4a    Default     0x0                  40755  1    GitHubStore: (UIKitCore) [com.apple.UIKit:EventDeferring] [0x60000290fb10] Scene target of event deferring environments did update: scene: 0x10bd065e0; current systemShellManagesKeyboardFocus: 1; systemShellManagesKeyboardFocusForScene: 1; eligibleForRecordRemoval: 1;
2026-09-29 16:18:33.594219+0000 0x19f4a    Default     0x0                  40755  1    GitHubStore: (UIKitCore) [com.apple.UIKit:KeyWindow] Scene became target of keyboard event deferring environment: UIWindowScene: 0x10bd065e0; scene identity: com.apple.frontboard.systemappservices/FBSceneManager:sceneID%3Azed.rainxch.githubstore-default
2026-09-29 16:18:33.594377+0000 0x19f4a    Default     0x0                  40755  1    GitHubStore: (UIKitCore) [com.apple.UIKit:KeyWindow] Stack[KeyWindow] 0x600000c03e70: Taking no further action for migration from LastOneWins -> SystemShellManaged as there are no scenes
2026-09-29 16:18:33.594520+0000 0x19f4a    Default     0x0                  40755  1    GitHubStore: (UIKitCore) [com.apple.UIKit:KeyWindow] Setting default evaluation strategy for UIUserInterfaceIdiomPhone to SystemShellManaged
2026-09-29 16:18:33.594755+0000 0x19f4a    Default     0x0                  40755  1    GitHubStore: (UIKitCore) [com.apple.UIKit:KeyWindow] Key window needs update: 0; currentKeyWindowScene: 0x0; evaluatedKeyWindowScene: 0x10bd065e0; currentApplicationKeyWindow: 0x0; evaluatedApplicationKeyWindow: 0x0; reason: UIWindowScene: 0x10bd065e0: Window scene became target of keyboard environment
2026-09-29 16:18:33.595347+0000 0x19f4a    Default     0x0                  40755  0    GitHubStore: (UIKitCore) [com.apple.UIKit:InterfaceStyle] Not push traits update to screen for new style 1, <UIWindowScene: 0x10bd065e0> (09DC9736-983B-4FCD-8658-2691A8D5897B)
2026-09-29 16:18:33.596436+0000 0x19f4a    Default     0x0                  40755  0    GitHubStore: (UIKitCore) [com.apple.UIKit:InterfaceStyle] Not push traits update to screen for new style 1, <UIWindowScene: 0x10bd065e0> (09DC9736-983B-4FCD-8658-2691A8D5897B)
2026-09-29 16:18:33.600666+0000 0x19f4a    Default     0x0                  40755  0    GitHubStore: (UIKitCore) [com.apple.UIKit:InterfaceStyle] Not push traits update to screen for new style 1, <UIWindowScene: 0x10bd065e0> (09DC9736-983B-4FCD-8658-2691A8D5897B)
2026-09-29 16:18:33.646280+0000 0x19f5b    Default     0x0                  40755  0    GitHubStore: (BackBoardServices) [com.apple.BackBoard:EventDelivery] BKSHIDEventObserver - connection activation
2026-09-29 16:18:33.646602+0000 0x19f5b    Default     0x0                  40755  0    GitHubStore: (BackBoardServices) [com.apple.BackBoard:EventDelivery] BKSHIDEventDeliveryManager - connection activation
2026-09-29 16:18:33.715543+0000 0x19f4a    Default     0x0                  40755  0    GitHubStore: (UIKitCore) [com.apple.UIKit:Orientation] <UIWindowScene: 0x10bd065e0> (09DC9736-983B-4FCD-8658-2691A8D5897B) Scene updated orientation preferences: none -> ( Pu Ll Lr )
2026-09-29 16:18:33.717632+0000 0x19f4a    Default     0x0                  40755  1    GitHubStore: (UIKitCore) [com.apple.UIKit:KeyWindow] Key window API is scene-level: YES
2026-09-29 16:18:33.717845+0000 0x19f4a    Default     0x0                  40755  1    GitHubStore: (UIKitCore) [com.apple.UIKit:KeyWindow] UIWindowScene: 0x10bd065e0: Window became key in scene: UIWindow: 0x10bb0d870; contextId: 0x6149BB93: reason: UIWindowScene: 0x10bd065e0: Window requested to become key in scene: 0x10bb0d870
2026-09-29 16:18:33.717912+0000 0x19f4a    Default     0x0                  40755  1    GitHubStore: (UIKitCore) [com.apple.UIKit:KeyWindow] Key window needs update: 1; currentKeyWindowScene: 0x0; evaluatedKeyWindowScene: 0x10bd065e0; currentApplicationKeyWindow: 0x0; evaluatedApplicationKeyWindow: 0x10bb0d870; reason: UIWindowScene: 0x10bd065e0: Window requested to become key in scene: 0x10bb0d870
2026-09-29 16:18:33.717998+0000 0x19f4a    Default     0x0                  40755  1    GitHubStore: (UIKitCore) [com.apple.UIKit:KeyWindow] Window did become application key: UIWindow: 0x10bb0d870; contextId: 0x6149BB93; scene identity: com.apple.frontboard.systemappservices/FBSceneManager:sceneID%3Azed.rainxch.githubstore-default
2026-09-29 16:18:33.718122+0000 0x19f4a    Default     0x0                  40755  1    GitHubStore: (UIKitCore) [com.apple.UIKit:EventDeferring] [0x60000290fb10] Begin local event deferring requested for token: 0x60000260aee0; environments: 1; reason: UIWindowScene: 0x10bd065e0: Begin event deferring in keyboardFocus for window: 0x10bb0d870
2026-09-29 16:18:33.720138+0000 0x19f58    Default     0x0                  40755  0    GitHubStore: (BackBoardServices) [com.apple.BackBoard:EventDelivery] policyStatus:<BKSHIDEventDeliveryPolicyObserver: 0x60000260eb80; token: com.apple.frontboard.systemappservices/FBSceneManager:sceneID%3Azed.rainxch.githubstore-default; status: ancestor> was:target
2026-09-29 16:18:33.721748+0000 0x19f4a    Default     0x0                  40755  0    GitHubStore: (UIKitCore) [com.apple.UIKit:InterfaceStyle] Not push traits update to screen for new style 1, <UIWindowScene: 0x10bd065e0> (09DC9736-983B-4FCD-8658-2691A8D5897B)
2026-09-29 16:18:33.723650+0000 0x19f4a    Default     0x0                  40755  0    GitHubStore: (UIKitCore) [com.apple.UIKit:AppLifecycle] sceneOfRecord: sceneID: sceneID:zed.rainxch.githubstore-default  persistentID: 09DC9736-983B-4FCD-8658-2691A8D5897B
2026-09-29 16:18:33.724299+0000 0x19f4a    Default     0x0                  40755  0    GitHubStore: (UIKitCore) [com.apple.UIKit:Application] Ignoring already applied deactivation reason: 5; deactivation reasons: 2080
2026-09-29 16:18:33.724534+0000 0x19f4a    Default     0x0                  40755  0    GitHubStore: (UIKitCore) [com.apple.UIKit:Application] Deactivation reason added: 12; deactivation reasons: 2080 -> 6176; animating application lifecycle event: 1
2026-09-29 16:18:33.724834+0000 0x19f4a    Default     0x0                  40755  0    GitHubStore: (UIKitCore) [com.apple.UIKit:Application] Deactivation reason removed: 11; deactivation reasons: 6176 -> 4128; animating application lifecycle event: 1
2026-09-29 16:18:33.725076+0000 0x19f4a    Default     0x0                  40755  0    GitHubStore: (FrontBoardServices) [com.apple.FrontBoard:SceneExtension] Realizing settings extension <_UISceneIntelligenceSupportSettings> on FBSSceneSettings
2026-09-29 16:18:33.725895+0000 0x19f4a    Default     0x0                  40755  0    GitHubStore: (UIKitCore) [com.apple.UIKit:InterfaceStyle] Not push traits update to screen for new style 1, <UIWindowScene: 0x10bd065e0> (09DC9736-983B-4FCD-8658-2691A8D5897B)
2026-09-29 16:18:33.726022+0000 0x19f58    Default     0x0                  40755  0    GitHubStore: (UIIntelligenceSupport) [com.apple.UIIntelligenceSupport:xpc] establishing connection to agent
2026-09-29 16:18:33.739866+0000 0x19f4a    Activity    0x47402              40755  0    GitHubStore: (CoreFoundation) Updating Key-Value Observers Of Preferences
2026-09-29 16:18:33.751464+0000 0x19f58    Default     0x0                  40755  0    GitHubStore: (libxpc.dylib) [com.apple.xpc:session] [0x60000210c5f0] Session created.
2026-09-29 16:18:33.751561+0000 0x19f58    Default     0x0                  40755  0    GitHubStore: (libxpc.dylib) [com.apple.xpc:session] [0x60000210c5f0] Session created from connection [0x10bb08ed0]
2026-09-29 16:18:33.753080+0000 0x19f58    Default     0x0                  40755  0    GitHubStore: (libxpc.dylib) [com.apple.xpc:connection] [0x10bb08ed0] activating connection: mach=true listener=false peer=false name=com.apple.uiintelligencesupport.agent
2026-09-29 16:18:33.778579+0000 0x19f58    Default     0x0                  40755  0    GitHubStore: (libxpc.dylib) [com.apple.xpc:session] [0x60000210c5f0] Session activated
2026-09-29 16:18:34.031703+0000 0x19f4a    Default     0x0                  40755  0    GitHubStore: (libxpc.dylib) [com.apple.xpc:connection] [0x10bc12590] activating connection: mach=true listener=false peer=false name=com.apple.metal.simulator
2026-09-29 16:18:34.033987+0000 0x19f4a    Default     0x0                  40755  0    GitHubStore: (libxpc.dylib) [com.apple.xpc:connection] [0x10bc126c0] activating connection: mach=true listener=false peer=false name=com.apple.metal.simulator
2026-09-29 16:18:34.034532+0000 0x19f4a    Default     0x0                  40755  0    GitHubStore: (libxpc.dylib) [com.apple.xpc:connection] [0x10bd09f40] activating connection: mach=true listener=false peer=false name=com.apple.metal.simulator
2026-09-29 16:18:34.093611+0000 0x19f5a    Default     0x0                  40755  0    GitHubStore: (UIKitCore) [com.apple.UIKit:BackgroundTask] Ending background task with UIBackgroundTaskIdentifier: 2
2026-09-29 16:18:34.093732+0000 0x19f5a    Default     0x0                  40755  0    GitHubStore: (UIKitCore) [com.apple.UIKit:BackgroundTask] Ending task with identifier 2 and description: <_UIBackgroundTaskInfo: 0x600001713080>: taskID = 2, taskName = Persistent SceneSession Map Update, creationTime = 1409 (elapsed = 0), _expireHandler: <__NSGlobalBlock__: 0x1e61729e0>
2026-09-29 16:18:34.093790+0000 0x19f5a    Default     0x0                  40755  0    GitHubStore: (UIKitCore) [com.apple.UIKit:BackgroundTask] Decrementing reference count for assertion <BKSProcessAssertion: 0x600002103340> (used by background task with identifier 2: <_UIBackgroundTaskInfo: 0x600001713080>: taskID = 2, taskName = Persistent SceneSession Map Update, creationTime = 1409 (elapsed = 0))
2026-09-29 16:18:34.114941+0000 0x19f58    Default     0x0                  40755  0    GitHubStore: (libxpc.dylib) [com.apple.xpc:connection] [0x10bc13340] activating connection: mach=true listener=false peer=false name=com.apple.fontservicesd
2026-09-29 16:18:34.164921+0000 0x19f4a    Default     0x0                  40755  0    GitHubStore: (Network) [com.apple.network:] networkd_settings_read_from_file initialized networkd settings by reading plist directly
2026-09-29 16:18:34.165215+0000 0x19f4a    Default     0x0                  40755  0    GitHubStore: (Network) [com.apple.network:] networkd_settings_read_from_file initialized networkd settings by reading plist directly
2026-09-29 16:18:34.324486+0000 0x19f57    Default     0x0                  40755  0    GitHubStore: (UIKitCore) [com.apple.UIKit:BackgroundTask] Ending background task with UIBackgroundTaskIdentifier: 1
2026-09-29 16:18:34.324815+0000 0x19f57    Default     0x0                  40755  0    GitHubStore: (UIKitCore) [com.apple.UIKit:BackgroundTask] Ending task with identifier 1 and description: <_UIBackgroundTaskInfo: 0x6000017015c0>: taskID = 1, taskName = Launch Background Task for Coalescing, creationTime = 1408 (elapsed = 1), _expireHandler: (null)
2026-09-29 16:18:34.324872+0000 0x19f57    Default     0x0                  40755  0    GitHubStore: (UIKitCore) [com.apple.UIKit:BackgroundTask] Decrementing reference count for assertion <BKSProcessAssertion: 0x600002103340> (used by background task with identifier 1: <_UIBackgroundTaskInfo: 0x6000017015c0>: taskID = 1, taskName = Launch Background Task for Coalescing, creationTime = 1408 (elapsed = 1))
2026-09-29 16:18:34.324994+0000 0x19f57    Default     0x0                  40755  0    GitHubStore: (UIKitCore) [com.apple.UIKit:BackgroundTask] Will invalidate assertion: <BKSProcessAssertion: 0x600002103340> for task identifier: 1
2026-09-29 16:18:34.512785+0000 0x19f4a    Default     0x0                  40755  0    GitHubStore: (libxpc.dylib) [com.apple.xpc:connection] [0x10bb2daa0] activating connection: mach=true listener=false peer=false name=com.apple.IOSurface.Remote
2026-09-29 16:18:34.524597+0000 0x19f58    Activity    0x47403              40755  0    GitHubStore: (RunningBoardServices) didChangeInheritances
2026-09-29 16:18:34.540404+0000 0x19f4a    Error       0x0                  40755  0    GitHubStore: (libCoreFSCache.dylib) fopen failed for data file: errno = 2 (No such file or directory)
2026-09-29 16:18:34.540552+0000 0x19f4a    Error       0x0                  40755  0    GitHubStore: (libCoreFSCache.dylib) Errors found! Invalidating cache...
2026-09-29 16:18:34.541832+0000 0x19f4a    Default     0x0                  40755  0    GitHubStore: (libxpc.dylib) [com.apple.xpc:connection] [0x10bb31af0] activating connection: mach=false listener=false peer=false name=com.apple.MTLCompilerService
2026-09-29 16:18:34.565195+0000 0x19f74    Default     0x0                  40755  0    GitHubStore: (CFNetwork) [com.apple.CFNetwork:Default] Task <505AC2E5-A059-45E0-AF1A-54CA57DA0128>.<1> resuming, timeouts(179769313486231570814527423731704356798070567525844996598917476803157260780028538760589558632766878171540458953514382464234321326889464182768467546703537516986049910576551282076245490090389328944075868508455133942304583236903222948165808559332123348274797826204144723168738177180919299881250404026184124858368.0, 604800.0) qos(0x15) voucher((null)) activity(00000000-0000-0000-0000-000000000000)
2026-09-29 16:18:34.565930+0000 0x19f74    Activity    0x47404              40755  0    GitHubStore: (CoreFoundation) Loading Preferences From User Session CFPrefsD
2026-09-29 16:18:34.571272+0000 0x19f4a    Default     0x0                  40755  0    GitHubStore: (libxpc.dylib) [com.apple.xpc:connection] [0x10bb15140] activating connection: mach=false listener=false peer=false name=com.apple.MTLCompilerService
2026-09-29 16:18:34.571386+0000 0x19f58    Activity    0x47405              40755  0    GitHubStore: (Metal) Metal Compiling Shader
2026-09-29 16:18:34.572549+0000 0x19f57    Default     0x0                  40755  0    GitHubStore: (CFNetwork) [com.apple.CFNetwork:Default] Initializing AlternativeServices Storage singleton
2026-09-29 16:18:34.573300+0000 0x19f57    Default     0x0                  40755  0    GitHubStore: (CoreServicesInternal) [com.apple.FileURL:default] kExcludedFromBackupXattrName set on path: /Users/runner/Library/Developer/CoreSimulator/Devices/A3615395-EDA9-4A60-982A-D428BCC5719B/data/Containers/Data/Application/AEA31037-E28D-4D89-92EB-8EDF08B48A38/Library/HTTPStorages/zed.rainxch.githubstore
2026-09-29 16:18:34.606783+0000 0x19f57    Default     0x0                  40755  0    GitHubStore: (CFNetwork) [com.apple.CFNetwork:Default] Connection 0: creating secure tcp or quic connection
2026-09-29 16:18:34.609660+0000 0x19f57    Default     0x0                  40755  0    GitHubStore: (CFNetwork) [com.apple.CFNetwork:Default] Connection 1: enabling TLS
2026-09-29 16:18:34.609673+0000 0x19f57    Default     0x0                  40755  0    GitHubStore: (CFNetwork) [com.apple.CFNetwork:Default] Connection 1: starting, TC(0x0)
2026-09-29 16:18:34.609996+0000 0x19f57    Default     0x0                  40755  0    GitHubStore: (Network) [com.apple.network:connection] [C1 1BEA81F5-7565-4E9C-A30E-8A2172EE97A0 Hostname#9ad84a4a:443 quic-connection, url: https://api.github.com/search/repositories, definite, attribution: developer, context: com.apple.CFNetwork.NSURLSession.{D162473B-2632-4464-BA03-0D50B83B9CB1}{(null)}{Y}{2}{0x0} (private), proc: C8EE117E-8BC1-3965-900E-11DAE0112446, delegated upid: 0] start
2026-09-29 16:18:34.610684+0000 0x19f57    Default     0x0                  40755  0    GitHubStore: (Network) [com.apple.network:connection] [C1 Hostname#9ad84a4a:443 initial parent-flow ((null))] event: path:start @0.000s
2026-09-29 16:18:34.613205+0000 0x19f57    Default     0x0                  40755  0    GitHubStore: (Network) [com.apple.network:connection] [C1 Hostname#9ad84a4a:443 waiting parent-flow (satisfied (Path is satisfied), interface: en0)] event: path:satisfied @0.003s, uuid: AC62FEB0-E3A9-41E2-AF4B-B27D65E065CC
2026-09-29 16:18:34.613430+0000 0x19f57    Default     0x0                  40755  0    GitHubStore: (Network) [com.apple.network:connection] [C1 Hostname#9ad84a4a:443 in_progress parent-flow (satisfied (Path is satisfied), interface: en0)] event: flow:start_connect @0.003s
2026-09-29 16:18:34.613450+0000 0x19f57    Default     0x0                  40755  0    GitHubStore: (Network) [com.apple.network:connection] nw_connection_report_state_with_handler_on_nw_queue [C1] reporting state preparing
2026-09-29 16:18:34.614868+0000 0x19f57    Default     0x0                  40755  0    GitHubStore: (Network) [com.apple.network:connection] [C1 Hostname#9ad84a4a:443 in_progress parent-flow (satisfied (Path is satisfied), interface: en0)] event: flow:start_child @0.004s
2026-09-29 16:18:34.614908+0000 0x19f57    Default     0x0                  40755  0    GitHubStore: (Network) [com.apple.network:connection] [C1.1 Hostname#9ad84a4a:443 initial path ((null))] event: path:start @0.004s
2026-09-29 16:18:34.615000+0000 0x19f57    Default     0x0                  40755  0    GitHubStore: (Network) [com.apple.network:connection] [C1.1 Hostname#9ad84a4a:443 waiting path (satisfied (Path is satisfied), interface: en0)] event: path:satisfied @0.004s, uuid: AC62FEB0-E3A9-41E2-AF4B-B27D65E065CC
2026-09-29 16:18:34.615028+0000 0x19f57    Default     0x0                  40755  0    GitHubStore: (Network) [com.apple.network:connection] [C1.1 Hostname#9ad84a4a:443 in_progress transform (satisfied (Path is satisfied), interface: en0)] event: transform:start @0.005s
2026-09-29 16:18:34.615182+0000 0x19f57    Default     0x0                  40755  0    GitHubStore: (Network) [com.apple.network:connection] [C1.1.1 Hostname#9ad84a4a:443 initial path ((null))] event: path:start @0.005s
2026-09-29 16:18:34.615365+0000 0x19f57    Default     0x0                  40755  0    GitHubStore: (Network) [com.apple.network:connection] [C1.1.1 Hostname#9ad84a4a:443 waiting path (satisfied (Path is satisfied), interface: en0)] event: path:satisfied @0.005s, uuid: 95833597-31AD-4EDC-905C-36333B8D7FFD
2026-09-29 16:18:34.616069+0000 0x19f57    Default     0x0                  40755  0    GitHubStore: (Network) [com.apple.network:connection] [C1.1.1 Hostname#9ad84a4a:443 in_progress resolver (satisfied (Path is satisfied), interface: en0)] event: resolver:start_dns @0.006s
2026-09-29 16:18:34.616993+0000 0x19f57    Default     0x0                  40755  0    GitHubStore: (CFNetwork) [com.apple.CFNetwork:Default] Task <505AC2E5-A059-45E0-AF1A-54CA57DA0128>.<1> setting up Connection 1
2026-09-29 16:18:34.642696+0000 0x19f7e    Default     0x0                  40755  0    GitHubStore: (Network) [com.apple.network:connection] nw_endpoint_resolver_update [C1.1.1 Hostname#9ad84a4a:443 in_progress resolver (satisfied (Path is satisfied), interface: en0)] Adding endpoint handler for IPv4#94395ccb:443
2026-09-29 16:18:34.642738+0000 0x19f7e    Default     0x0                  40755  0    GitHubStore: (Network) [com.apple.network:connection] [C1.1.1 Hostname#9ad84a4a:443 in_progress resolver (satisfied (Path is satisfied), interface: en0)] event: resolver:receive_dns @0.032s
2026-09-29 16:18:34.642825+0000 0x19f7e    Default     0x0                  40755  0    GitHubStore: (Network) [com.apple.network:connection] [C1.1.1.1 IPv4#94395ccb:443 initial path ((null))] event: path:start @0.032s
2026-09-29 16:18:34.643000+0000 0x19f7e    Default     0x0                  40755  0    GitHubStore: (Network) [com.apple.network:connection] [C1.1.1.1 IPv4#94395ccb:443 waiting path (satisfied (Path is satisfied), interface: en0)] event: path:satisfied @0.032s, uuid: 099F06D4-A0E7-4A11-B528-B8F3C6F816A0
2026-09-29 16:18:34.648711+0000 0x19f7e    Default     0x0                  40755  0    GitHubStore: (Network) [com.apple.network:connection] [C1.1.1.1 IPv4#94395ccb:443 in_progress socket-flow (satisfied (Path is satisfied), interface: en0)] event: flow:start_connect @0.038s
2026-09-29 16:18:34.707558+0000 0x19f57    Default     0x0                  40755  0    GitHubStore: (Network) [com.apple.network:connection] nw_socket_handle_socket_event [C1.1.1.1:3] Socket received CONNECTED event
2026-09-29 16:18:34.707883+0000 0x19f57    Default     0x0                  40755  0    GitHubStore: (Network) [com.apple.network:connection] nw_flow_connected [C1.1.1.1 IPv4#94395ccb:443 in_progress socket-flow (satisfied (Path is satisfied), interface: en0)] Transport protocol connected (socket)
2026-09-29 16:18:34.707931+0000 0x19f57    Default     0x0                  40755  0    GitHubStore: (Network) [com.apple.network:connection] [C1.1.1.1 IPv4#94395ccb:443 in_progress socket-flow (satisfied (Path is satisfied), interface: en0)] event: flow:finish_transport @0.097s
2026-09-29 16:18:34.713955+0000 0x19f57    Default     0x0                  40755  0    GitHubStore: (libboringssl.dylib) [com.apple.network:boringssl] boringssl_session_apply_protocol_options_for_transport_block_invoke_2(2323) [C1.1.1.1:2][0x10bd35760] TLS configured [min_version(0x0303) max_version(0x0304) name(redacted) tickets(false) false_start(false) enforce_ev(false) enforce_ats(false) ats_non_pfs_ciphersuite_allowed(false) ech(false) pqtls(true), pake(false)]
2026-09-29 16:18:34.716757+0000 0x19f57    Default     0x0                  40755  0    GitHubStore: (libboringssl.dylib) [com.apple.network:boringssl] boringssl_context_info_handler(2390) [C1.1.1.1:2][0x10bd35760] Client handshake started
2026-09-29 16:18:34.717074+0000 0x19f57    Default     0x0                  40755  0    GitHubStore: (libboringssl.dylib) [com.apple.network:boringssl] boringssl_context_info_handler(2407) [C1.1.1.1:2][0x10bd35760] Client handshake state: TLS client enter_early_data
2026-09-29 16:18:34.717315+0000 0x19f57    Default     0x0                  40755  0    GitHubStore: (libboringssl.dylib) [com.apple.network:boringssl] boringssl_context_info_handler(2407) [C1.1.1.1:2][0x10bd35760] Client handshake state: TLS client read_server_hello
2026-09-29 16:18:34.776836+0000 0x19f7e    Default     0x0                  40755  0    GitHubStore: (libboringssl.dylib) [com.apple.network:boringssl] boringssl_context_info_handler(2407) [C1.1.1.1:2][0x10bd35760] Client handshake state: TLS 1.3 client read_hello_retry_request
2026-09-29 16:18:34.776888+0000 0x19f7e    Default     0x0                  40755  0    GitHubStore: (libboringssl.dylib) [com.apple.network:boringssl] boringssl_context_info_handler(2407) [C1.1.1.1:2][0x10bd35760] Client handshake state: TLS 1.3 client read_server_hello
2026-09-29 16:18:34.776985+0000 0x19f7e    Default     0x0                  40755  0    GitHubStore: (libboringssl.dylib) [com.apple.network:boringssl] boringssl_context_info_handler(2407) [C1.1.1.1:2][0x10bd35760] Client handshake state: TLS 1.3 client read_encrypted_extensions
2026-09-29 16:18:34.777008+0000 0x19f7e    Default     0x0                  40755  0    GitHubStore: (libboringssl.dylib) [com.apple.network:boringssl] boringssl_context_info_handler(2407) [C1.1.1.1:2][0x10bd35760] Client handshake state: TLS 1.3 client read_certificate_request
2026-09-29 16:18:34.777021+0000 0x19f7e    Default     0x0                  40755  0    GitHubStore: (libboringssl.dylib) [com.apple.network:boringssl] boringssl_context_info_handler(2407) [C1.1.1.1:2][0x10bd35760] Client handshake state: TLS 1.3 client read_server_certificate
2026-09-29 16:18:34.777112+0000 0x19f7e    Default     0x0                  40755  0    GitHubStore: (libboringssl.dylib) [com.apple.network:boringssl] boringssl_context_info_handler(2407) [C1.1.1.1:2][0x10bd35760] Client handshake state: TLS 1.3 client read_server_certificate_verify
2026-09-29 16:18:34.777364+0000 0x19f7e    Default     0x0                  40755  0    GitHubStore: (libboringssl.dylib) [com.apple.network:boringssl] boringssl_context_evaluate_trust_async(1833) [C1.1.1.1:2][0x10bd35760] Performing external trust evaluation
2026-09-29 16:18:34.778818+0000 0x19f7e    Activity    0x47406              40755  0    GitHubStore: (Security) SecKeyCopyPublicBytes
2026-09-29 16:18:34.788506+0000 0x19f7e    Activity    0x47407              40755  0    GitHubStore: (Security) SecKeyCopyAttributes
2026-09-29 16:18:34.788555+0000 0x19f7e    Activity    0x47408              40755  0    GitHubStore: (Security) SecKeyCopyPublicBytes
2026-09-29 16:18:34.788666+0000 0x19f7e    Default     0x0                  40755  0    GitHubStore: (libboringssl.dylib) [com.apple.network:boringssl] boringssl_context_evaluate_trust_async_external(1818) [C1.1.1.1:2][0x10bd35760] Asyncing for external verify block
2026-09-29 16:18:34.788835+0000 0x19f7e    Default     0x0                  40755  0    GitHubStore: (CFNetwork) [com.apple.CFNetwork:Default] Connection 1: asked to evaluate TLS Trust
2026-09-29 16:18:34.795977+0000 0x19f7e    Default     0x0                  40755  0    GitHubStore: (CFNetwork) [com.apple.CFNetwork:Default] Task <505AC2E5-A059-45E0-AF1A-54CA57DA0128>.<1> auth completion disp=1 cred=0x0
2026-09-29 16:18:34.796997+0000 0x19f7e    Default     0x0                  40755  0    GitHubStore: (Security) [com.apple.securityd:trust] (Trust 0x60000350c160) No pending evals, starting
2026-09-29 16:18:34.797112+0000 0x19f7e    Activity    0x47409              40755  0    GitHubStore: (Security) SecTrustEvaluateIfNecessaryFastAsync
2026-09-29 16:18:34.798170+0000 0x19f7e    Default     0x47409              40755  0    GitHubStore: (Security) [com.apple.securityd:keychain] System Keychain Always Supported set via feature flag to disabled
2026-09-29 16:18:34.798245+0000 0x19f7e    Default     0x47409              40755  0    GitHubStore: (libxpc.dylib) [com.apple.xpc:connection] [0x10bc54860] activating connection: mach=true listener=false peer=false name=com.apple.trustd
2026-09-29 16:18:34.798573+0000 0x19f7e    Default     0x47409              40755  0    GitHubStore: (libxpc.dylib) [com.apple.xpc:connection] [0x10bc54a90] activating connection: mach=true listener=false peer=false name=com.apple.trustd
2026-09-29 16:18:34.798737+0000 0x19f7e    Default     0x47409              40755  0    GitHubStore: (Security) [com.apple.securityd:trust] (Trust 0x60000350c160) Completed async eval kickoff
2026-09-29 16:18:34.833805+0000 0x19f5a    Default     0x47409              40755  0    GitHubStore: (Security) [com.apple.securityd:trust] (Trust 0x60000350c160) trustd returned 4
2026-09-29 16:18:34.834183+0000 0x19f5a    Default     0x0                  40755  0    GitHubStore: (CFNetwork) [com.apple.CFNetwork:Default] System Trust Evaluation yielded status(0)
2026-09-29 16:18:34.834223+0000 0x19f5a    Default     0x0                  40755  0    GitHubStore: (Security) [com.apple.securityd:trust] (Trust 0x60000350ac00) No pending evals, starting
2026-09-29 16:18:34.834340+0000 0x19f5a    Activity    0x4740a              40755  0    GitHubStore: (Security) SecTrustEvaluateIfNecessaryFastAsync
2026-09-29 16:18:34.834914+0000 0x19f5a    Default     0x4740a              40755  0    GitHubStore: (libxpc.dylib) [com.apple.xpc:connection] [0x10bc55790] activating connection: mach=true listener=false peer=false name=com.apple.trustd
2026-09-29 16:18:34.835116+0000 0x19f5a    Default     0x4740a              40755  0    GitHubStore: (Security) [com.apple.securityd:trust] (Trust 0x60000350ac00) Completed async eval kickoff
2026-09-29 16:18:34.835213+0000 0x19f5a    Default     0x4740a              40755  0    GitHubStore: (libxpc.dylib) [com.apple.xpc:connection] [0x10bc54a90] invalidated because the current process cancelled the connection by calling xpc_connection_cancel()
2026-09-29 16:18:34.967823+0000 0x19f57    Default     0x4740a              40755  0    GitHubStore: (Security) [com.apple.securityd:trust] (Trust 0x60000350ac00) trustd returned 4
2026-09-29 16:18:34.967940+0000 0x19f57    Default     0x0                  40755  0    GitHubStore: (CFNetwork) [com.apple.CFNetwork:Default] Connection 1: TLS Trust result 0
2026-09-29 16:18:34.968026+0000 0x19f57    Default     0x0                  40755  0    GitHubStore: (libboringssl.dylib) [com.apple.network:boringssl] boringssl_context_evaluate_trust_async_external_block_invoke_3(1773) [C1.1.1.1:2][0x10bd35760] Returning from external verify block with result: true
2026-09-29 16:18:34.968060+0000 0x19f57    Default     0x0                  40755  0    GitHubStore: (libboringssl.dylib) [com.apple.network:boringssl] boringssl_context_certificate_verify_callback(2014) [C1.1.1.1:2][0x10bd35760] Certificate verification result: OK
2026-09-29 16:18:34.968282+0000 0x19f57    Default     0x0                  40755  0    GitHubStore: (libboringssl.dylib) [com.apple.network:boringssl] boringssl_context_info_handler(2407) [C1.1.1.1:2][0x10bd35760] Client handshake state: TLS 1.3 client read_server_finished
2026-09-29 16:18:34.968319+0000 0x19f57    Default     0x0                  40755  0    GitHubStore: (libboringssl.dylib) [com.apple.network:boringssl] boringssl_context_info_handler(2407) [C1.1.1.1:2][0x10bd35760] Client handshake state: TLS 1.3 client send_end_of_early_data
2026-09-29 16:18:34.968338+0000 0x19f57    Default     0x0                  40755  0    GitHubStore: (libboringssl.dylib) [com.apple.network:boringssl] boringssl_context_info_handler(2407) [C1.1.1.1:2][0x10bd35760] Client handshake state: TLS 1.3 client send_client_encrypted_extensions
2026-09-29 16:18:34.971487+0000 0x19f57    Default     0x0                  40755  0    GitHubStore: (libboringssl.dylib) [com.apple.network:boringssl] boringssl_context_info_handler(2407) [C1.1.1.1:2][0x10bd35760] Client handshake state: TLS 1.3 client send_client_certificate
2026-09-29 16:18:34.974302+0000 0x19f57    Default     0x0                  40755  0    GitHubStore: (libboringssl.dylib) [com.apple.network:boringssl] boringssl_context_info_handler(2407) [C1.1.1.1:2][0x10bd35760] Client handshake state: TLS 1.3 client complete_second_flight
2026-09-29 16:18:34.974594+0000 0x19f57    Default     0x0                  40755  0    GitHubStore: (libboringssl.dylib) [com.apple.network:boringssl] boringssl_context_info_handler(2407) [C1.1.1.1:2][0x10bd35760] Client handshake state: TLS 1.3 client done
2026-09-29 16:18:34.974706+0000 0x19f57    Default     0x0                  40755  0    GitHubStore: (libboringssl.dylib) [com.apple.network:boringssl] boringssl_context_info_handler(2407) [C1.1.1.1:2][0x10bd35760] Client handshake state: TLS client finish_client_handshake
2026-09-29 16:18:34.974954+0000 0x19f57    Default     0x0                  40755  0    GitHubStore: (libboringssl.dylib) [com.apple.network:boringssl] boringssl_context_info_handler(2407) [C1.1.1.1:2][0x10bd35760] Client handshake state: TLS client done
2026-09-29 16:18:34.975138+0000 0x19f57    Default     0x0                  40755  0    GitHubStore: (libboringssl.dylib) [com.apple.network:boringssl] boringssl_context_info_handler(2396) [C1.1.1.1:2][0x10bd35760] Client handshake done
2026-09-29 16:18:34.975472+0000 0x19f57    Activity    0x4740b              40755  0    GitHubStore: (Security) SecKeyCopyPublicBytes
2026-09-29 16:18:34.977937+0000 0x19f57    Activity    0x4740c              40755  0    GitHubStore: (Security) SecKeyCopyAttributes
2026-09-29 16:18:34.978066+0000 0x19f57    Activity    0x4740d              40755  0    GitHubStore: (Security) SecKeyCopyPublicBytes
2026-09-29 16:18:34.978220+0000 0x19f57    Default     0x0                  40755  0    GitHubStore: (libboringssl.dylib) [com.apple.network:boringssl] nw_protocol_boringssl_signal_connected(895) [C1.1.1.1:2][0x10bd35760] TLS connected [server(0) version(0x0304) ciphersuite(TLS_AES_128_GCM_SHA256) group(0x001d) signature_alg(0x0403) alpn(h2) resumed(0) offered_ticket(0) in_early_data(0) early_data_accepted(0) false_started(0) ocsp_received(0) sct_received(0) connect_time(259ms) flight_time(60ms) rtt(59ms) write_stalls(0) read_stalls(2) pake(0x0000)]
2026-09-29 16:18:34.978317+0000 0x19f57    Default     0x0                  40755  0    GitHubStore: (Network) [com.apple.network:connection] nw_flow_connected [C1.1.1.1 IPv4#94395ccb:443 in_progress socket-flow (satisfied (Path is satisfied), interface: en0)] Output protocol connected (CFNetworkConnection-1794363476)
2026-09-29 16:18:34.978873+0000 0x19f57    Default     0x0                  40755  0    GitHubStore: (Network) [com.apple.network:connection] [C1.1.1.1 IPv4#94395ccb:443 ready socket-flow (satisfied (Path is satisfied), interface: en0)] event: flow:child_finish_connect @0.368s
2026-09-29 16:18:34.978938+0000 0x19f57    Default     0x0                  40755  0    GitHubStore: (Network) [com.apple.network:connection] [C1.1.1 Hostname#9ad84a4a:443 ready resolver (satisfied (Path is satisfied), interface: en0)] event: flow:child_finish_connect @0.368s
2026-09-29 16:18:34.978978+0000 0x19f57    Default     0x0                  40755  0    GitHubStore: (Network) [com.apple.network:connection] [C1.1 Hostname#9ad84a4a:443 ready transform (satisfied (Path is satisfied), interface: en0)] event: flow:child_finish_connect @0.368s
2026-09-29 16:18:34.979043+0000 0x19f57    Default     0x0                  40755  0    GitHubStore: (Network) [com.apple.network:connection] nw_flow_connected [C1 IPv4#94395ccb:443 in_progress parent-flow (satisfied (Path is satisfied), interface: en0)] Output protocol connected (endpoint_flow)
2026-09-29 16:18:34.979134+0000 0x19f57    Default     0x0                  40755  0    GitHubStore: (Network) [com.apple.network:connection] [C1 IPv4#94395ccb:443 ready parent-flow (satisfied (Path is satisfied), interface: en0)] event: flow:finish_connect @0.369s
2026-09-29 16:18:34.979320+0000 0x19f57    Default     0x0                  40755  0    GitHubStore: (Network) [com.apple.network:connection] nw_connection_report_state_with_handler_on_nw_queue [C1] reporting state ready
2026-09-29 16:18:34.979443+0000 0x19f57    Default     0x0                  40755  0    GitHubStore: (libxpc.dylib) [com.apple.xpc:connection] [0x10bc55790] invalidated because the current process cancelled the connection by calling xpc_connection_cancel()
2026-09-29 16:18:34.979495+0000 0x19f57    Default     0x0                  40755  0    GitHubStore: (CFNetwork) [com.apple.CFNetwork:Default] Connection 1: connected successfully
2026-09-29 16:18:34.979543+0000 0x19f57    Default     0x0                  40755  0    GitHubStore: (CFNetwork) [com.apple.CFNetwork:Default] Connection 1: TLS handshake complete
2026-09-29 16:18:34.979827+0000 0x19f57    Default     0x0                  40755  0    GitHubStore: (CFNetwork) [com.apple.CFNetwork:Default] Connection 1: ready C(N) E(N)
2026-09-29 16:18:34.980082+0000 0x19f57    Default     0x0                  40755  0    GitHubStore: (Network) [com.apple.network:connection] [C1] event: client:connection_reused @0.370s
2026-09-29 16:18:34.985689+0000 0x19f57    Default     0x0                  40755  0    GitHubStore: (Network) [com.apple.network:connection] nw_protocol_socket_notify [C1.1.1.1:3] nw_protocol_notification_type_connection_idle is false
2026-09-29 16:18:34.985878+0000 0x19f57    Default     0x0                  40755  0    GitHubStore: (CFNetwork) [com.apple.CFNetwork:Default] Task <505AC2E5-A059-45E0-AF1A-54CA57DA0128>.<1> now using Connection 1
2026-09-29 16:18:34.986189+0000 0x19f57    Default     0x0                  40755  0    GitHubStore: (CFNetwork) [com.apple.CFNetwork:Default] Task <505AC2E5-A059-45E0-AF1A-54CA57DA0128>.<1> sent request, body N 0
2026-09-29 16:18:35.035060+0000 0x19f5a    Activity    0x4740e              40755  0    GitHubStore: (Security) SecKeyCopyPublicBytes
2026-09-29 16:18:35.035120+0000 0x19f5a    Activity    0x4740f              40755  0    GitHubStore: (Security) SecKeyCopyAttributes
2026-09-29 16:18:35.035127+0000 0x19f5a    Activity    0x474c0              40755  0    GitHubStore: (Security) SecKeyCopyPublicBytes
2026-09-29 16:18:35.035245+0000 0x19f5a    Activity    0x474c1              40755  0    GitHubStore: (Security) SecKeyCopyPublicBytes
2026-09-29 16:18:35.035251+0000 0x19f5a    Activity    0x474c2              40755  0    GitHubStore: (Security) SecKeyCopyAttributes
2026-09-29 16:18:35.035361+0000 0x19f5a    Activity    0x474c3              40755  0    GitHubStore: (Security) SecKeyCopyPublicBytes
2026-09-29 16:18:35.264320+0000 0x19f7e    Default     0x0                  40755  0    GitHubStore: (CFNetwork) [com.apple.CFNetwork:Default] Garbage collection for alternative services
2026-09-29 16:18:35.654782+0000 0x19f58    Activity    0x474c4              40755  0    GitHubStore: (Metal) Metal Compiling Shader
2026-09-29 16:18:35.703091+0000 0x19f4a    Error       0x0                  40755  0    GitHubStore: (libCoreFSCache.dylib) fopen failed for data file: errno = 2 (No such file or directory)
2026-09-29 16:18:35.703174+0000 0x19f4a    Error       0x0                  40755  0    GitHubStore: (libCoreFSCache.dylib) Errors found! Invalidating cache...
2026-09-29 16:18:35.703434+0000 0x19f57    Activity    0x474c5              40755  0    GitHubStore: (Metal) Metal Compiling Shader
2026-09-29 16:18:35.724539+0000 0x19f57    Activity    0x474c6              40755  0    GitHubStore: (Metal) Metal Compiling Shader
2026-09-29 16:18:35.745264+0000 0x19f58    Activity    0x474c7              40755  0    GitHubStore: (Metal) Metal Compiling Shader
2026-09-29 16:18:35.783257+0000 0x19f57    Activity    0x474c8              40755  0    GitHubStore: (Metal) Metal Compiling Shader
2026-09-29 16:18:35.823167+0000 0x19f58    Activity    0x474c9              40755  0    GitHubStore: (Metal) Metal Compiling Shader
2026-09-29 16:18:35.826976+0000 0x19f57    Activity    0x474ca              40755  0    GitHubStore: (Metal) Metal Compiling Shader
2026-09-29 16:18:35.837174+0000 0x19f58    Activity    0x474cb              40755  0    GitHubStore: (Metal) Metal Compiling Shader
2026-09-29 16:18:35.883559+0000 0x19f57    Activity    0x474cc              40755  0    GitHubStore: (Metal) Metal Compiling Shader
2026-09-29 16:18:35.919484+0000 0x19f58    Activity    0x474cd              40755  0    GitHubStore: (Metal) Metal Compiling Shader
2026-09-29 16:18:35.921188+0000 0x19f58    Activity    0x474ce              40755  0    GitHubStore: (Metal) Metal Compiling Shader
2026-09-29 16:18:35.926048+0000 0x19f57    Activity    0x474cf              40755  0    GitHubStore: (Metal) Metal Compiling Shader
2026-09-29 16:18:35.964273+0000 0x19f57    Activity    0x475b0              40755  0    GitHubStore: (Metal) Metal Compiling Shader
2026-09-29 16:18:36.035470+0000 0x19f58    Activity    0x475b1              40755  0    GitHubStore: (Metal) Metal Compiling Shader
2026-09-29 16:18:36.038904+0000 0x19f57    Activity    0x475b2              40755  0    GitHubStore: (Metal) Metal Compiling Shader
2026-09-29 16:18:36.050849+0000 0x19f58    Activity    0x475b3              40755  0    GitHubStore: (Metal) Metal Compiling Shader
2026-09-29 16:18:36.087999+0000 0x19f58    Activity    0x475b4              40755  0    GitHubStore: (Metal) Metal Compiling Shader
2026-09-29 16:18:36.164108+0000 0x19f57    Activity    0x475b5              40755  0    GitHubStore: (Metal) Metal Compiling Shader
2026-09-29 16:18:36.168214+0000 0x19f57    Activity    0x475b6              40755  0    GitHubStore: (Metal) Metal Compiling Shader
2026-09-29 16:18:36.177900+0000 0x19f57    Activity    0x475b7              40755  0    GitHubStore: (Metal) Metal Compiling Shader
2026-09-29 16:18:36.190842+0000 0x19f58    Activity    0x475b8              40755  0    GitHubStore: (Metal) Metal Compiling Shader
2026-09-29 16:18:36.206863+0000 0x19f57    Activity    0x475b9              40755  0    GitHubStore: (Metal) Metal Compiling Shader
2026-09-29 16:18:36.210795+0000 0x19f58    Activity    0x475ba              40755  0    GitHubStore: (Metal) Metal Compiling Shader
2026-09-29 16:18:36.216200+0000 0x19f58    Activity    0x475bb              40755  0    GitHubStore: (Metal) Metal Compiling Shader
2026-09-29 16:18:36.233698+0000 0x19f58    Activity    0x475bc              40755  0    GitHubStore: (Metal) Metal Compiling Shader
2026-09-29 16:18:36.271586+0000 0x19f57    Activity    0x475bd              40755  0    GitHubStore: (Metal) Metal Compiling Shader
2026-09-29 16:18:36.273739+0000 0x19f58    Activity    0x475be              40755  0    GitHubStore: (Metal) Metal Compiling Shader
2026-09-29 16:18:36.280307+0000 0x19f57    Activity    0x475bf              40755  0    GitHubStore: (Metal) Metal Compiling Shader
2026-09-29 16:18:36.290617+0000 0x19f57    Activity    0x47610              40755  0    GitHubStore: (Metal) Metal Compiling Shader
2026-09-29 16:18:36.321878+0000 0x19f58    Activity    0x47611              40755  0    GitHubStore: (Metal) Metal Compiling Shader
2026-09-29 16:18:36.325150+0000 0x19f58    Activity    0x47612              40755  0    GitHubStore: (Metal) Metal Compiling Shader
2026-09-29 16:18:36.333724+0000 0x19f57    Activity    0x47613              40755  0    GitHubStore: (Metal) Metal Compiling Shader
2026-09-29 16:18:36.364477+0000 0x19f58    Activity    0x47614              40755  0    GitHubStore: (Metal) Metal Compiling Shader
2026-09-29 16:18:36.407032+0000 0x19f58    Activity    0x47615              40755  0    GitHubStore: (Metal) Metal Compiling Shader
2026-09-29 16:18:36.408672+0000 0x19f58    Activity    0x47616              40755  0    GitHubStore: (Metal) Metal Compiling Shader
2026-09-29 16:18:36.418252+0000 0x19f58    Activity    0x47617              40755  0    GitHubStore: (Metal) Metal Compiling Shader
2026-09-29 16:18:36.432553+0000 0x19f58    Activity    0x47618              40755  0    GitHubStore: (Metal) Metal Compiling Shader
2026-09-29 16:18:36.447079+0000 0x19f57    Activity    0x47619              40755  0    GitHubStore: (Metal) Metal Compiling Shader
2026-09-29 16:18:36.449788+0000 0x19f57    Activity    0x4761a              40755  0    GitHubStore: (Metal) Metal Compiling Shader
2026-09-29 16:18:36.460663+0000 0x19f57    Activity    0x4761b              40755  0    GitHubStore: (Metal) Metal Compiling Shader
2026-09-29 16:18:36.474810+0000 0x19f58    Activity    0x4761c              40755  0    GitHubStore: (Metal) Metal Compiling Shader
2026-09-29 16:18:36.486713+0000 0x19f57    Activity    0x4761d              40755  0    GitHubStore: (Metal) Metal Compiling Shader
2026-09-29 16:18:36.489883+0000 0x19f58    Activity    0x4761e              40755  0    GitHubStore: (Metal) Metal Compiling Shader
2026-09-29 16:18:36.498288+0000 0x19f58    Activity    0x4761f              40755  0    GitHubStore: (Metal) Metal Compiling Shader
2026-09-29 16:18:36.509753+0000 0x19f58    Activity    0x47650              40755  0    GitHubStore: (Metal) Metal Compiling Shader
2026-09-29 16:18:36.532366+0000 0x19f57    Activity    0x47651              40755  0    GitHubStore: (Metal) Metal Compiling Shader
2026-09-29 16:18:36.535670+0000 0x19f57    Activity    0x47652              40755  0    GitHubStore: (Metal) Metal Compiling Shader
2026-09-29 16:18:36.543960+0000 0x19f57    Activity    0x47653              40755  0    GitHubStore: (Metal) Metal Compiling Shader
2026-09-29 16:18:36.589624+0000 0x19f58    Activity    0x47654              40755  0    GitHubStore: (Metal) Metal Compiling Shader
2026-09-29 16:18:36.625819+0000 0x19f57    Activity    0x47655              40755  0    GitHubStore: (Metal) Metal Compiling Shader
2026-09-29 16:18:36.627994+0000 0x19f58    Activity    0x47656              40755  0    GitHubStore: (Metal) Metal Compiling Shader
2026-09-29 16:18:36.637060+0000 0x19f57    Activity    0x47657              40755  0    GitHubStore: (Metal) Metal Compiling Shader
2026-09-29 16:18:36.671637+0000 0x19f55    Activity    0x47658              40755  0    GitHubStore: (Metal) Metal Compiling Shader
2026-09-29 16:18:36.726701+0000 0x19f57    Activity    0x47659              40755  0    GitHubStore: (Metal) Metal Compiling Shader
2026-09-29 16:18:36.729323+0000 0x19f57    Activity    0x4765a              40755  0    GitHubStore: (Metal) Metal Compiling Shader
2026-09-29 16:18:37.004130+0000 0x19f4a    Default     0x0                  40755  0    GitHubStore: (Network) [com.apple.network:activity] Create activity from XPC object <nw_activity 50:1 [B2BDD1E0-2392-44C2-8168-599A28BAEC0D] (reporting strategy default)>
2026-09-29 16:18:37.004186+0000 0x19f4a    Default     0x0                  40755  0    GitHubStore: (Network) [com.apple.network:activity] Create activity from XPC object <nw_activity 50:2 [1FF371BF-DB3D-452B-B412-825E9E3FF2AD] (reporting strategy default)>
2026-09-29 16:18:37.004208+0000 0x19f4a    Default     0x0                  40755  0    GitHubStore: (Network) [com.apple.network:activity] Set activity <nw_activity 50:1 [B2BDD1E0-2392-44C2-8168-599A28BAEC0D] (reporting strategy default)> as the global parent
2026-09-29 16:18:37.004385+0000 0x19f4a    Default     0x0                  40755  0    GitHubStore: (UIKitCore) [com.apple.UIKit:UpdateScheduler] Target list changed: <CADisplay:LCD PurpleMain>
2026-09-29 16:18:37.004920+0000 0x19f4a    Default     0x0                  40755  0    GitHubStore: (UIKitCore) [com.apple.UIKit:AppLifecycle] sceneOfRecord: sceneID: sceneID:zed.rainxch.githubstore-default  persistentID: 09DC9736-983B-4FCD-8658-2691A8D5897B
2026-09-29 16:18:37.005234+0000 0x19f4a    Default     0x0                  40755  0    GitHubStore: (UIKitCore) [com.apple.UIKit:InterfaceStyle] Not push traits update to screen for new style 1, <UIWindowScene: 0x10bd065e0> (09DC9736-983B-4FCD-8658-2691A8D5897B)
2026-09-29 16:18:37.012258+0000 0x19f57    Activity    0x4765b              40755  0    GitHubStore: (RunningBoardServices) didChangeInheritances
2026-09-29 16:18:37.016056+0000 0x19f55    Activity    0x4765c              40755  0    GitHubStore: (RunningBoardServices) didChangeInheritances
2026-09-29 16:18:37.028168+0000 0x19f4a    Default     0x0                  40755  1    GitHubStore: (UIKitCore) [com.apple.UIKit:EventDeferring] [0x60000290fb10] Scene target of event deferring environments did update: scene: 0x10bd065e0; current systemShellManagesKeyboardFocus: 1; systemShellManagesKeyboardFocusForScene: 1; eligibleForRecordRemoval: 1;
2026-09-29 16:18:37.028222+0000 0x19f4a    Default     0x0                  40755  1    GitHubStore: (UIKitCore) [com.apple.UIKit:KeyWindow] Scene became target of keyboard event deferring environment: UIWindowScene: 0x10bd065e0; scene identity: com.apple.frontboard.systemappservices/FBSceneManager:sceneID%3Azed.rainxch.githubstore-default
2026-09-29 16:18:37.028505+0000 0x19f4a    Default     0x0                  40755  0    GitHubStore: (libAccessibility.dylib) [com.apple.Accessibility:AXCommon] Read Per-App on Init: Smart invert = (null)
2026-09-29 16:18:37.031570+0000 0x19f4a    Default     0x0                  40755  0    GitHubStore: (UIKitCore) [com.apple.UIKit:InterfaceStyle] Not push traits update to screen for new style 1, <UIWindowScene: 0x10bd065e0> (09DC9736-983B-4FCD-8658-2691A8D5897B)
2026-09-29 16:18:37.033232+0000 0x19f4a    Default     0x0                  40755  0    GitHubStore: (UIKitCore) [com.apple.UIKit:AppLifecycle] sceneOfRecord: sceneID: sceneID:zed.rainxch.githubstore-default  persistentID: 09DC9736-983B-4FCD-8658-2691A8D5897B
2026-09-29 16:18:37.033379+0000 0x19f4a    Default     0x0                  40755  0    GitHubStore: (UIKitCore) [com.apple.UIKit:Application] Deactivation reason removed: 12; deactivation reasons: 4128 -> 32; animating application lifecycle event: 1
2026-09-29 16:18:37.033444+0000 0x19f4a    Default     0x0                  40755  0    GitHubStore: (UIKitCore) [com.apple.KeyboardArbiter:Client] Send setDeactivating: N (-DeactivationReason:SuspendedEventsOnly)
2026-09-29 16:18:37.033816+0000 0x19f4a    Default     0x0                  40755  0    GitHubStore: (UIKitCore) [com.apple.UIKit:Application] Deactivation reason removed: 5; deactivation reasons: 32 -> 0; animating application lifecycle event: 0
2026-09-29 16:18:37.045295+0000 0x19f57    Activity    0x4765d              40755  0    GitHubStore: (Metal) Metal Compiling Shader
2026-09-29 16:18:37.048201+0000 0x19f4a    Default     0x0                  40755  0    GitHubStore: (UIKitCore) [com.apple.KeyboardArbiter:Client] startConnection
2026-09-29 16:18:37.050593+0000 0x19f4a    Default     0x0                  40755  0    GitHubStore: (libxpc.dylib) [com.apple.xpc:connection] [0x10bb2df50] activating connection: mach=true listener=false peer=false name=com.apple.UIKit.KeyboardManagement.hosted
2026-09-29 16:18:37.057434+0000 0x19f4a    Default     0x0                  40755  0    GitHubStore: (UIKitCore) [com.apple.KeyboardArbiter:Client] handleKeyboardChange: set currentKeyboard:N (wasKeyboard:N)
2026-09-29 16:18:37.066551+0000 0x19f4a    Default     0x0                  40755  0    GitHubStore: (UIKitCore) [com.apple.UIKit:KeyboardArbiterClientLog] isWritingToolsHandlingKeyboardTracking:Y (WT ready:Y, Arbiter ready:Y)
2026-09-29 16:18:37.079668+0000 0x19f58    Activity    0x4765e              40755  0    GitHubStore: (Metal) Metal Compiling Shader
2026-09-29 16:18:37.117238+0000 0x19f4a    Default     0x0                  40755  0    GitHubStore: (Network) [com.apple.network:activity] <nw_activity 50:1 [B2BDD1E0-2392-44C2-8168-599A28BAEC0D] (global parent) (reporting strategy default) complete (reason success)> complete with reason 2 (success), duration 6553ms
2026-09-29 16:18:37.117730+0000 0x19f5a    Activity    0x4765f              40755  0    GitHubStore: (Metal) Metal Compiling Shader
2026-09-29 16:18:37.117847+0000 0x19f4a    Default     0x0                  40755  0    GitHubStore: (Network) [com.apple.network:activity] <nw_activity 50:2 [1FF371BF-DB3D-452B-B412-825E9E3FF2AD] (reporting strategy default) complete (reason success)> complete with reason 2 (success), duration 6553ms
2026-09-29 16:18:37.117912+0000 0x19f4a    Default     0x0                  40755  0    GitHubStore: (Network) [com.apple.network:activity] Unsetting the global parent activity <nw_activity 50:1 [B2BDD1E0-2392-44C2-8168-599A28BAEC0D] (global parent) (reporting strategy default) complete (reason success)>
2026-09-29 16:18:37.117950+0000 0x19f4a    Default     0x0                  40755  0    GitHubStore: (Network) [com.apple.network:activity] Unset the global parent activity
2026-09-29 16:18:37.123642+0000 0x19f7e    Activity    0x476e0              40755  0    GitHubStore: (Metal) Metal Compiling Shader
2026-09-29 16:18:37.131477+0000 0x19f5a    Activity    0x476e1              40755  0    GitHubStore: (Metal) Metal Compiling Shader
2026-09-29 16:18:37.179520+0000 0x19f58    Activity    0x476e2              40755  0    GitHubStore: (Metal) Metal Compiling Shader
2026-09-29 16:18:37.198768+0000 0x19f7e    Activity    0x476e3              40755  0    GitHubStore: (RunningBoardServices) didChangeInheritances
2026-09-29 16:18:37.216467+0000 0x19f7e    Activity    0x476e4              40755  0    GitHubStore: (Metal) Metal Compiling Shader
2026-09-29 16:18:37.219299+0000 0x19f58    Activity    0x476e5              40755  0    GitHubStore: (Metal) Metal Compiling Shader
2026-09-29 16:18:37.230660+0000 0x19f5a    Activity    0x476e6              40755  0    GitHubStore: (Metal) Metal Compiling Shader
2026-09-29 16:18:37.233291+0000 0x19f7e    Default     0x0                  40755  0    GitHubStore: (CFNetwork) [com.apple.CFNetwork:Default] Task <505AC2E5-A059-45E0-AF1A-54CA57DA0128>.<1> received response, status 200 content U
2026-09-29 16:18:37.272299+0000 0x19f58    Activity    0x476e7              40755  0    GitHubStore: (Metal) Metal Compiling Shader
2026-09-29 16:18:37.285767+0000 0x19f57    Default     0x0                  40755  0    GitHubStore: (CFNetwork) [com.apple.CFNetwork:Default] Task <505AC2E5-A059-45E0-AF1A-54CA57DA0128>.<1> done using Connection 1
2026-09-29 16:18:37.285818+0000 0x19f57    Default     0x0                  40755  0    GitHubStore: (Network) [com.apple.network:connection] [C1] event: client:connection_idle @2.675s
2026-09-29 16:18:37.286831+0000 0x19f57    Default     0x0                  40755  0    GitHubStore: (Network) [com.apple.network:connection] nw_protocol_socket_notify [C1.1.1.1:3] nw_protocol_notification_type_connection_idle is true
2026-09-29 16:18:37.287369+0000 0x19f57    Default     0x0                  40755  0    GitHubStore: (CFNetwork) [com.apple.CFNetwork:Default] Task <505AC2E5-A059-45E0-AF1A-54CA57DA0128>.<1> response ended
2026-09-29 16:18:37.301611+0000 0x19f5a    Activity    0x476e8              40755  0    GitHubStore: (Metal) Metal Compiling Shader
2026-09-29 16:18:37.307999+0000 0x19f57    Activity    0x476e9              40755  0    GitHubStore: (Metal) Metal Compiling Shader
2026-09-29 16:18:37.319169+0000 0x19f58    Activity    0x476ea              40755  0    GitHubStore: (Metal) Metal Compiling Shader
2026-09-29 16:18:37.358853+0000 0x19f5a    Activity    0x476eb              40755  0    GitHubStore: (Metal) Metal Compiling Shader
2026-09-29 16:18:37.369203+0000 0x19f7e    Default     0x0                  40755  0    GitHubStore: (CFNetwork) [com.apple.CFNetwork:Summary] Task <505AC2E5-A059-45E0-AF1A-54CA57DA0128>.<1> summary for task success {transaction_duration_ms=2797, response_status=200, connection=1, protocol="h2", domain_lookup_duration_ms=26, connect_duration_ms=331, secure_connection_duration_ms=259, private_relay=false, request_start_ms=414, request_duration_ms=0, response_start_ms=2661, response_duration_ms=57, request_bytes=249, request_throughput_kbps=16191, response_bytes=66907, response_throughput_kbps=9361, cache_hit=false}
2026-09-29 16:18:37.386832+0000 0x19f57    Activity    0x476ec              40755  0    GitHubStore: (Metal) Metal Compiling Shader
2026-09-29 16:18:37.392388+0000 0x19f58    Activity    0x476ed              40755  0    GitHubStore: (Metal) Metal Compiling Shader
2026-09-29 16:18:37.399604+0000 0x19f7e    Default     0x0                  40755  0    GitHubStore: (CoreAnalytics) [com.apple.CoreAnalytics:client] No XPC connection in Simulator
2026-09-29 16:18:37.456858+0000 0x19f7e    Default     0x0                  40755  0    GitHubStore: (CFNetwork) [com.apple.CFNetwork:Default] Task <505AC2E5-A059-45E0-AF1A-54CA57DA0128>.<1> finished successfully
2026-09-29 16:18:38.133199+0000 0x19f79    Default     0x0                  40755  0    GitHubStore: (CFNetwork) [com.apple.CFNetwork:Default] Task <9417A587-935B-4F6F-AED1-C2C3BF815469>.<2> resuming, timeouts(179769313486231570814527423731704356798070567525844996598917476803157260780028538760589558632766878171540458953514382464234321326889464182768467546703537516986049910576551282076245490090389328944075868508455133942304583236903222948165808559332123348274797826204144723168738177180919299881250404026184124858368.0, 604800.0) qos(0x15) voucher((null)) activity(00000000-0000-0000-0000-000000000000)
2026-09-29 16:18:38.133754+0000 0x19f7a    Default     0x0                  40755  0    GitHubStore: (CFNetwork) [com.apple.CFNetwork:Default] Task <A097F2E1-8E32-40A9-88AE-65F38C9FA48C>.<3> resuming, timeouts(179769313486231570814527423731704356798070567525844996598917476803157260780028538760589558632766878171540458953514382464234321326889464182768467546703537516986049910576551282076245490090389328944075868508455133942304583236903222948165808559332123348274797826204144723168738177180919299881250404026184124858368.0, 604800.0) qos(0x15) voucher((null)) activity(00000000-0000-0000-0000-000000000000)
2026-09-29 16:18:38.134024+0000 0x19f7c    Default     0x0                  40755  0    GitHubStore: (CFNetwork) [com.apple.CFNetwork:Default] Task <C2DAC765-0045-49D8-85ED-8E1BF20FDABA>.<4> resuming, timeouts(179769313486231570814527423731704356798070567525844996598917476803157260780028538760589558632766878171540458953514382464234321326889464182768467546703537516986049910576551282076245490090389328944075868508455133942304583236903222948165808559332123348274797826204144723168738177180919299881250404026184124858368.0, 604800.0) qos(0x15) voucher((null)) activity(00000000-0000-0000-0000-000000000000)
2026-09-29 16:18:38.137417+0000 0x19f58    Default     0x0                  40755  0    GitHubStore: (Network) [com.apple.network:connection] [C1] event: client:connection_reused @3.527s
2026-09-29 16:18:38.137563+0000 0x19f58    Default     0x0                  40755  0    GitHubStore: (Network) [com.apple.network:connection] nw_protocol_socket_notify [C1.1.1.1:3] nw_protocol_notification_type_connection_idle is false
2026-09-29 16:18:38.137639+0000 0x19f58    Default     0x0                  40755  0    GitHubStore: (CFNetwork) [com.apple.CFNetwork:Default] Task <9417A587-935B-4F6F-AED1-C2C3BF815469>.<2> now using Connection 1
2026-09-29 16:18:38.137793+0000 0x19f58    Default     0x0                  40755  0    GitHubStore: (CFNetwork) [com.apple.CFNetwork:Default] Task <A097F2E1-8E32-40A9-88AE-65F38C9FA48C>.<3> now using Connection 1
2026-09-29 16:18:38.137895+0000 0x19f76    Default     0x0                  40755  0    GitHubStore: (CFNetwork) [com.apple.CFNetwork:Default] Task <C4EAA12B-E7D9-4DA2-841B-305920C95BC3>.<5> resuming, timeouts(179769313486231570814527423731704356798070567525844996598917476803157260780028538760589558632766878171540458953514382464234321326889464182768467546703537516986049910576551282076245490090389328944075868508455133942304583236903222948165808559332123348274797826204144723168738177180919299881250404026184124858368.0, 604800.0) qos(0x15) voucher((null)) activity(00000000-0000-0000-0000-000000000000)
2026-09-29 16:18:38.137947+0000 0x19f58    Default     0x0                  40755  0    GitHubStore: (CFNetwork) [com.apple.CFNetwork:Default] Task <C2DAC765-0045-49D8-85ED-8E1BF20FDABA>.<4> now using Connection 1
2026-09-29 16:18:38.138000+0000 0x19f79    Default     0x0                  40755  0    GitHubStore: (CFNetwork) [com.apple.CFNetwork:Default] Task <B3BCAF20-E07D-4FD0-AC9C-D3FB65EDD98E>.<6> resuming, timeouts(179769313486231570814527423731704356798070567525844996598917476803157260780028538760589558632766878171540458953514382464234321326889464182768467546703537516986049910576551282076245490090389328944075868508455133942304583236903222948165808559332123348274797826204144723168738177180919299881250404026184124858368.0, 604800.0) qos(0x15) voucher((null)) activity(00000000-0000-0000-0000-000000000000)
2026-09-29 16:18:38.138179+0000 0x19f58    Default     0x0                  40755  0    GitHubStore: (CFNetwork) [com.apple.CFNetwork:Default] Task <9417A587-935B-4F6F-AED1-C2C3BF815469>.<2> sent request, body N 0
2026-09-29 16:18:38.138651+0000 0x19f58    Default     0x0                  40755  0    GitHubStore: (CFNetwork) [com.apple.CFNetwork:Default] Task <A097F2E1-8E32-40A9-88AE-65F38C9FA48C>.<3> sent request, body N 0
2026-09-29 16:18:38.138873+0000 0x19f73    Default     0x0                  40755  0    GitHubStore: (CFNetwork) [com.apple.CFNetwork:Default] Task <45F35FE3-B6D9-45A1-A273-ABF67C1E4F5F>.<7> resuming, timeouts(179769313486231570814527423731704356798070567525844996598917476803157260780028538760589558632766878171540458953514382464234321326889464182768467546703537516986049910576551282076245490090389328944075868508455133942304583236903222948165808559332123348274797826204144723168738177180919299881250404026184124858368.0, 604800.0) qos(0x15) voucher((null)) activity(00000000-0000-0000-0000-000000000000)
2026-09-29 16:18:38.140356+0000 0x19f58    Default     0x0                  40755  0    GitHubStore: (CFNetwork) [com.apple.CFNetwork:Default] Task <C2DAC765-0045-49D8-85ED-8E1BF20FDABA>.<4> sent request, body N 0
2026-09-29 16:18:38.141006+0000 0x19f58    Default     0x0                  40755  0    GitHubStore: (CFNetwork) [com.apple.CFNetwork:Default] Task <C4EAA12B-E7D9-4DA2-841B-305920C95BC3>.<5> now using Connection 1
2026-09-29 16:18:38.141394+0000 0x19f7b    Default     0x0                  40755  0    GitHubStore: (CFNetwork) [com.apple.CFNetwork:Default] Task <819C4CD4-09F9-4FA0-BD99-9199B9F7A118>.<8> resuming, timeouts(179769313486231570814527423731704356798070567525844996598917476803157260780028538760589558632766878171540458953514382464234321326889464182768467546703537516986049910576551282076245490090389328944075868508455133942304583236903222948165808559332123348274797826204144723168738177180919299881250404026184124858368.0, 604800.0) qos(0x15) voucher((null)) activity(00000000-0000-0000-0000-000000000000)
2026-09-29 16:18:38.141674+0000 0x19f58    Default     0x0                  40755  0    GitHubStore: (CFNetwork) [com.apple.CFNetwork:Default] Task <B3BCAF20-E07D-4FD0-AC9C-D3FB65EDD98E>.<6> now using Connection 1
2026-09-29 16:18:38.141691+0000 0x19f74    Default     0x0                  40755  0    GitHubStore: (CFNetwork) [com.apple.CFNetwork:Default] Task <93569813-5010-4E9A-991A-2E099ADE288F>.<9> resuming, timeouts(179769313486231570814527423731704356798070567525844996598917476803157260780028538760589558632766878171540458953514382464234321326889464182768467546703537516986049910576551282076245490090389328944075868508455133942304583236903222948165808559332123348274797826204144723168738177180919299881250404026184124858368.0, 604800.0) qos(0x15) voucher((null)) activity(00000000-0000-0000-0000-000000000000)
2026-09-29 16:18:38.143536+0000 0x19f58    Default     0x0                  40755  0    GitHubStore: (CFNetwork) [com.apple.CFNetwork:Default] Task <45F35FE3-B6D9-45A1-A273-ABF67C1E4F5F>.<7> now using Connection 1
2026-09-29 16:18:38.143951+0000 0x19f58    Default     0x0                  40755  0    GitHubStore: (CFNetwork) [com.apple.CFNetwork:Default] Task <819C4CD4-09F9-4FA0-BD99-9199B9F7A118>.<8> now using Connection 1
2026-09-29 16:18:38.144010+0000 0x19f58    Default     0x0                  40755  0    GitHubStore: (CFNetwork) [com.apple.CFNetwork:Default] Task <93569813-5010-4E9A-991A-2E099ADE288F>.<9> now using Connection 1
2026-09-29 16:18:38.144450+0000 0x19f58    Default     0x0                  40755  0    GitHubStore: (CFNetwork) [com.apple.CFNetwork:Default] Task <C4EAA12B-E7D9-4DA2-841B-305920C95BC3>.<5> sent request, body N 0
2026-09-29 16:18:38.144741+0000 0x19f58    Default     0x0                  40755  0    GitHubStore: (CFNetwork) [com.apple.CFNetwork:Default] Task <B3BCAF20-E07D-4FD0-AC9C-D3FB65EDD98E>.<6> sent request, body N 0
2026-09-29 16:18:38.145090+0000 0x19f58    Default     0x0                  40755  0    GitHubStore: (CFNetwork) [com.apple.CFNetwork:Default] Task <45F35FE3-B6D9-45A1-A273-ABF67C1E4F5F>.<7> sent request, body N 0
2026-09-29 16:18:38.145245+0000 0x19f58    Default     0x0                  40755  0    GitHubStore: (CFNetwork) [com.apple.CFNetwork:Default] Task <819C4CD4-09F9-4FA0-BD99-9199B9F7A118>.<8> sent request, body N 0
2026-09-29 16:18:38.145432+0000 0x19f58    Default     0x0                  40755  0    GitHubStore: (CFNetwork) [com.apple.CFNetwork:Default] Task <93569813-5010-4E9A-991A-2E099ADE288F>.<9> sent request, body N 0
2026-09-29 16:18:38.147539+0000 0x19f76    Default     0x0                  40755  0    GitHubStore: (CFNetwork) [com.apple.CFNetwork:Default] Task <B29CEE79-1906-44A0-A8F9-B63858F31B59>.<10> resuming, timeouts(179769313486231570814527423731704356798070567525844996598917476803157260780028538760589558632766878171540458953514382464234321326889464182768467546703537516986049910576551282076245490090389328944075868508455133942304583236903222948165808559332123348274797826204144723168738177180919299881250404026184124858368.0, 604800.0) qos(0x15) voucher((null)) activity(00000000-0000-0000-0000-000000000000)
2026-09-29 16:18:38.148230+0000 0x19f58    Default     0x0                  40755  0    GitHubStore: (CFNetwork) [com.apple.CFNetwork:Default] Task <B29CEE79-1906-44A0-A8F9-B63858F31B59>.<10> now using Connection 1
2026-09-29 16:18:38.148368+0000 0x19f58    Default     0x0                  40755  0    GitHubStore: (CFNetwork) [com.apple.CFNetwork:Default] Task <B29CEE79-1906-44A0-A8F9-B63858F31B59>.<10> sent request, body N 0
2026-09-29 16:18:38.149426+0000 0x19f73    Default     0x0                  40755  0    GitHubStore: (CFNetwork) [com.apple.CFNetwork:Default] Task <05B06D07-F71E-4D34-98DE-FD94ABDD7627>.<11> resuming, timeouts(179769313486231570814527423731704356798070567525844996598917476803157260780028538760589558632766878171540458953514382464234321326889464182768467546703537516986049910576551282076245490090389328944075868508455133942304583236903222948165808559332123348274797826204144723168738177180919299881250404026184124858368.0, 604800.0) qos(0x15) voucher((null)) activity(00000000-0000-0000-0000-000000000000)
2026-09-29 16:18:38.150098+0000 0x19f55    Default     0x0                  40755  0    GitHubStore: (CFNetwork) [com.apple.CFNetwork:Default] Task <05B06D07-F71E-4D34-98DE-FD94ABDD7627>.<11> now using Connection 1
2026-09-29 16:18:38.150195+0000 0x19f55    Default     0x0                  40755  0    GitHubStore: (CFNetwork) [com.apple.CFNetwork:Default] Task <05B06D07-F71E-4D34-98DE-FD94ABDD7627>.<11> sent request, body N 0
2026-09-29 16:18:38.152255+0000 0x19f7a    Default     0x0                  40755  0    GitHubStore: (CFNetwork) [com.apple.CFNetwork:Default] Task <85277F88-4747-4C5B-9C49-90D05EC9531A>.<12> resuming, timeouts(179769313486231570814527423731704356798070567525844996598917476803157260780028538760589558632766878171540458953514382464234321326889464182768467546703537516986049910576551282076245490090389328944075868508455133942304583236903222948165808559332123348274797826204144723168738177180919299881250404026184124858368.0, 604800.0) qos(0x15) voucher((null)) activity(00000000-0000-0000-0000-000000000000)
2026-09-29 16:18:38.152875+0000 0x19f58    Default     0x0                  40755  0    GitHubStore: (CFNetwork) [com.apple.CFNetwork:Default] Task <85277F88-4747-4C5B-9C49-90D05EC9531A>.<12> now using Connection 1
2026-09-29 16:18:38.153043+0000 0x19f58    Default     0x0                  40755  0    GitHubStore: (CFNetwork) [com.apple.CFNetwork:Default] Task <85277F88-4747-4C5B-9C49-90D05EC9531A>.<12> sent request, body N 0
2026-09-29 16:18:38.153433+0000 0x19f74    Default     0x0                  40755  0    GitHubStore: (CFNetwork) [com.apple.CFNetwork:Default] Task <615FDEFB-513B-4595-B59D-48D8C43BF476>.<13> resuming, timeouts(179769313486231570814527423731704356798070567525844996598917476803157260780028538760589558632766878171540458953514382464234321326889464182768467546703537516986049910576551282076245490090389328944075868508455133942304583236903222948165808559332123348274797826204144723168738177180919299881250404026184124858368.0, 604800.0) qos(0x15) voucher((null)) activity(00000000-0000-0000-0000-000000000000)
2026-09-29 16:18:38.154020+0000 0x19f58    Default     0x0                  40755  0    GitHubStore: (CFNetwork) [com.apple.CFNetwork:Default] Task <615FDEFB-513B-4595-B59D-48D8C43BF476>.<13> now using Connection 1
2026-09-29 16:18:38.154122+0000 0x19f58    Default     0x0                  40755  0    GitHubStore: (CFNetwork) [com.apple.CFNetwork:Default] Task <615FDEFB-513B-4595-B59D-48D8C43BF476>.<13> sent request, body N 0
2026-09-29 16:18:38.155803+0000 0x19f76    Default     0x0                  40755  0    GitHubStore: (CFNetwork) [com.apple.CFNetwork:Default] Task <43371757-1043-4961-B0D3-90CA6C0C71B5>.<14> resuming, timeouts(179769313486231570814527423731704356798070567525844996598917476803157260780028538760589558632766878171540458953514382464234321326889464182768467546703537516986049910576551282076245490090389328944075868508455133942304583236903222948165808559332123348274797826204144723168738177180919299881250404026184124858368.0, 604800.0) qos(0x15) voucher((null)) activity(00000000-0000-0000-0000-000000000000)
2026-09-29 16:18:38.156511+0000 0x19f58    Default     0x0                  40755  0    GitHubStore: (CFNetwork) [com.apple.CFNetwork:Default] Task <43371757-1043-4961-B0D3-90CA6C0C71B5>.<14> now using Connection 1
2026-09-29 16:18:38.156620+0000 0x19f58    Default     0x0                  40755  0    GitHubStore: (CFNetwork) [com.apple.CFNetwork:Default] Task <43371757-1043-4961-B0D3-90CA6C0C71B5>.<14> sent request, body N 0
2026-09-29 16:18:38.161767+0000 0x19f75    Default     0x0                  40755  0    GitHubStore: (CFNetwork) [com.apple.CFNetwork:Default] Task <89C6CCA5-16DA-4BE6-BF11-AC1DA9E7C10D>.<15> resuming, timeouts(179769313486231570814527423731704356798070567525844996598917476803157260780028538760589558632766878171540458953514382464234321326889464182768467546703537516986049910576551282076245490090389328944075868508455133942304583236903222948165808559332123348274797826204144723168738177180919299881250404026184124858368.0, 604800.0) qos(0x15) voucher((null)) activity(00000000-0000-0000-0000-000000000000)
2026-09-29 16:18:38.162557+0000 0x19f7e    Default     0x0                  40755  0    GitHubStore: (CFNetwork) [com.apple.CFNetwork:Default] Task <89C6CCA5-16DA-4BE6-BF11-AC1DA9E7C10D>.<15> now using Connection 1
2026-09-29 16:18:38.162798+0000 0x19f7e    Default     0x0                  40755  0    GitHubStore: (CFNetwork) [com.apple.CFNetwork:Default] Task <89C6CCA5-16DA-4BE6-BF11-AC1DA9E7C10D>.<15> sent request, body N 0
2026-09-29 16:18:38.165056+0000 0x19f6b    Default     0x0                  40755  0    GitHubStore: (CFNetwork) [com.apple.CFNetwork:Default] Task <F0B0B098-2A18-4FEA-B4F5-7C7770552EEC>.<16> resuming, timeouts(179769313486231570814527423731704356798070567525844996598917476803157260780028538760589558632766878171540458953514382464234321326889464182768467546703537516986049910576551282076245490090389328944075868508455133942304583236903222948165808559332123348274797826204144723168738177180919299881250404026184124858368.0, 604800.0) qos(0x15) voucher((null)) activity(00000000-0000-0000-0000-000000000000)
2026-09-29 16:18:38.165597+0000 0x19f6c    Default     0x0                  40755  0    GitHubStore: (CFNetwork) [com.apple.CFNetwork:Default] Task <7834ED23-B724-4559-8A89-9DB892571976>.<17> resuming, timeouts(179769313486231570814527423731704356798070567525844996598917476803157260780028538760589558632766878171540458953514382464234321326889464182768467546703537516986049910576551282076245490090389328944075868508455133942304583236903222948165808559332123348274797826204144723168738177180919299881250404026184124858368.0, 604800.0) qos(0x15) voucher((null)) activity(00000000-0000-0000-0000-000000000000)
2026-09-29 16:18:38.166207+0000 0x19f7e    Default     0x0                  40755  0    GitHubStore: (CFNetwork) [com.apple.CFNetwork:Default] Task <F0B0B098-2A18-4FEA-B4F5-7C7770552EEC>.<16> now using Connection 1
2026-09-29 16:18:38.166438+0000 0x19f7e    Default     0x0                  40755  0    GitHubStore: (CFNetwork) [com.apple.CFNetwork:Default] Task <F0B0B098-2A18-4FEA-B4F5-7C7770552EEC>.<16> sent request, body N 0
2026-09-29 16:18:38.166718+0000 0x19f7e    Default     0x0                  40755  0    GitHubStore: (CFNetwork) [com.apple.CFNetwork:Default] Task <7834ED23-B724-4559-8A89-9DB892571976>.<17> now using Connection 1
2026-09-29 16:18:38.166812+0000 0x19f7e    Default     0x0                  40755  0    GitHubStore: (CFNetwork) [com.apple.CFNetwork:Default] Task <7834ED23-B724-4559-8A89-9DB892571976>.<17> sent request, body N 0
2026-09-29 16:18:38.168167+0000 0x19f78    Default     0x0                  40755  0    GitHubStore: (CFNetwork) [com.apple.CFNetwork:Default] Task <19A9749D-514F-4603-A8E9-D904554D8628>.<18> resuming, timeouts(179769313486231570814527423731704356798070567525844996598917476803157260780028538760589558632766878171540458953514382464234321326889464182768467546703537516986049910576551282076245490090389328944075868508455133942304583236903222948165808559332123348274797826204144723168738177180919299881250404026184124858368.0, 604800.0) qos(0x15) voucher((null)) activity(00000000-0000-0000-0000-000000000000)
2026-09-29 16:18:38.168751+0000 0x19f55    Default     0x0                  40755  0    GitHubStore: (CFNetwork) [com.apple.CFNetwork:Default] Task <19A9749D-514F-4603-A8E9-D904554D8628>.<18> now using Connection 1
2026-09-29 16:18:38.168856+0000 0x19f55    Default     0x0                  40755  0    GitHubStore: (CFNetwork) [com.apple.CFNetwork:Default] Task <19A9749D-514F-4603-A8E9-D904554D8628>.<18> sent request, body N 0
2026-09-29 16:18:38.169180+0000 0x19f7b    Default     0x0                  40755  0    GitHubStore: (CFNetwork) [com.apple.CFNetwork:Default] Task <773D4C61-F676-4E4E-BD8C-D71112B99FD0>.<19> resuming, timeouts(179769313486231570814527423731704356798070567525844996598917476803157260780028538760589558632766878171540458953514382464234321326889464182768467546703537516986049910576551282076245490090389328944075868508455133942304583236903222948165808559332123348274797826204144723168738177180919299881250404026184124858368.0, 604800.0) qos(0x15) voucher((null)) activity(00000000-0000-0000-0000-000000000000)
2026-09-29 16:18:38.169854+0000 0x19f55    Default     0x0                  40755  0    GitHubStore: (CFNetwork) [com.apple.CFNetwork:Default] Task <773D4C61-F676-4E4E-BD8C-D71112B99FD0>.<19> now using Connection 1
2026-09-29 16:18:38.169929+0000 0x19f55    Default     0x0                  40755  0    GitHubStore: (CFNetwork) [com.apple.CFNetwork:Default] Task <773D4C61-F676-4E4E-BD8C-D71112B99FD0>.<19> sent request, body N 0
2026-09-29 16:18:38.171640+0000 0x19f74    Default     0x0                  40755  0    GitHubStore: (CFNetwork) [com.apple.CFNetwork:Default] Task <C5F67FE3-B22C-486E-96D2-B0F8E5123864>.<20> resuming, timeouts(179769313486231570814527423731704356798070567525844996598917476803157260780028538760589558632766878171540458953514382464234321326889464182768467546703537516986049910576551282076245490090389328944075868508455133942304583236903222948165808559332123348274797826204144723168738177180919299881250404026184124858368.0, 604800.0) qos(0x15) voucher((null)) activity(00000000-0000-0000-0000-000000000000)
2026-09-29 16:18:38.172219+0000 0x19f55    Default     0x0                  40755  0    GitHubStore: (CFNetwork) [com.apple.CFNetwork:Default] Task <C5F67FE3-B22C-486E-96D2-B0F8E5123864>.<20> now using Connection 1
2026-09-29 16:18:38.172335+0000 0x19f55    Default     0x0                  40755  0    GitHubStore: (CFNetwork) [com.apple.CFNetwork:Default] Task <C5F67FE3-B22C-486E-96D2-B0F8E5123864>.<20> sent request, body N 0
2026-09-29 16:18:38.178810+0000 0x19f75    Default     0x0                  40755  0    GitHubStore: (CFNetwork) [com.apple.CFNetwork:Default] Task <1844E042-B038-420F-BC90-8016FE9ECBB9>.<21> resuming, timeouts(179769313486231570814527423731704356798070567525844996598917476803157260780028538760589558632766878171540458953514382464234321326889464182768467546703537516986049910576551282076245490090389328944075868508455133942304583236903222948165808559332123348274797826204144723168738177180919299881250404026184124858368.0, 604800.0) qos(0x15) voucher((null)) activity(00000000-0000-0000-0000-000000000000)
2026-09-29 16:18:38.178917+0000 0x19f78    Default     0x0                  40755  0    GitHubStore: (CFNetwork) [com.apple.CFNetwork:Default] Task <CBBC7338-C326-4FA5-93AD-32C9413E5467>.<22> resuming, timeouts(179769313486231570814527423731704356798070567525844996598917476803157260780028538760589558632766878171540458953514382464234321326889464182768467546703537516986049910576551282076245490090389328944075868508455133942304583236903222948165808559332123348274797826204144723168738177180919299881250404026184124858368.0, 604800.0) qos(0x15) voucher((null)) activity(00000000-0000-0000-0000-000000000000)
2026-09-29 16:18:38.180386+0000 0x19f7e    Default     0x0                  40755  0    GitHubStore: (CFNetwork) [com.apple.CFNetwork:Default] Task <1844E042-B038-420F-BC90-8016FE9ECBB9>.<21> now using Connection 1
2026-09-29 16:18:38.180498+0000 0x19f7e    Default     0x0                  40755  0    GitHubStore: (CFNetwork) [com.apple.CFNetwork:Default] Task <CBBC7338-C326-4FA5-93AD-32C9413E5467>.<22> now using Connection 1
2026-09-29 16:18:38.180620+0000 0x19f7e    Default     0x0                  40755  0    GitHubStore: (CFNetwork) [com.apple.CFNetwork:Default] Task <1844E042-B038-420F-BC90-8016FE9ECBB9>.<21> sent request, body N 0
2026-09-29 16:18:38.180632+0000 0x19f7e    Default     0x0                  40755  0    GitHubStore: (CFNetwork) [com.apple.CFNetwork:Default] Task <CBBC7338-C326-4FA5-93AD-32C9413E5467>.<22> sent request, body N 0
2026-09-29 16:18:38.181126+0000 0x19f7b    Default     0x0                  40755  0    GitHubStore: (CFNetwork) [com.apple.CFNetwork:Default] Task <96AD6AF1-830B-406A-AB34-E21F51F99F28>.<23> resuming, timeouts(179769313486231570814527423731704356798070567525844996598917476803157260780028538760589558632766878171540458953514382464234321326889464182768467546703537516986049910576551282076245490090389328944075868508455133942304583236903222948165808559332123348274797826204144723168738177180919299881250404026184124858368.0, 604800.0) qos(0x15) voucher((null)) activity(00000000-0000-0000-0000-000000000000)
2026-09-29 16:18:38.182022+0000 0x19f7e    Default     0x0                  40755  0    GitHubStore: (CFNetwork) [com.apple.CFNetwork:Default] Task <96AD6AF1-830B-406A-AB34-E21F51F99F28>.<23> now using Connection 1
2026-09-29 16:18:38.182296+0000 0x19f7e    Default     0x0                  40755  0    GitHubStore: (CFNetwork) [com.apple.CFNetwork:Default] Task <96AD6AF1-830B-406A-AB34-E21F51F99F28>.<23> sent request, body N 0
2026-09-29 16:18:38.185837+0000 0x19f74    Default     0x0                  40755  0    GitHubStore: (CFNetwork) [com.apple.CFNetwork:Default] Task <53AD1065-9C5E-4E0C-87F9-DA04AA4926A1>.<24> resuming, timeouts(179769313486231570814527423731704356798070567525844996598917476803157260780028538760589558632766878171540458953514382464234321326889464182768467546703537516986049910576551282076245490090389328944075868508455133942304583236903222948165808559332123348274797826204144723168738177180919299881250404026184124858368.0, 604800.0) qos(0x15) voucher((null)) activity(00000000-0000-0000-0000-000000000000)
2026-09-29 16:18:38.186517+0000 0x19f7e    Default     0x0                  40755  0    GitHubStore: (CFNetwork) [com.apple.CFNetwork:Default] Task <53AD1065-9C5E-4E0C-87F9-DA04AA4926A1>.<24> now using Connection 1
2026-09-29 16:18:38.186795+0000 0x19f7e    Default     0x0                  40755  0    GitHubStore: (CFNetwork) [com.apple.CFNetwork:Default] Task <53AD1065-9C5E-4E0C-87F9-DA04AA4926A1>.<24> sent request, body N 0
2026-09-29 16:18:38.187888+0000 0x19f7c    Default     0x0                  40755  0    GitHubStore: (CFNetwork) [com.apple.CFNetwork:Default] Task <373E2204-EFC3-4D6D-85B1-32AED6365DA2>.<25> resuming, timeouts(179769313486231570814527423731704356798070567525844996598917476803157260780028538760589558632766878171540458953514382464234321326889464182768467546703537516986049910576551282076245490090389328944075868508455133942304583236903222948165808559332123348274797826204144723168738177180919299881250404026184124858368.0, 604800.0) qos(0x15) voucher((null)) activity(00000000-0000-0000-0000-000000000000)
2026-09-29 16:18:38.188672+0000 0x19f7e    Default     0x0                  40755  0    GitHubStore: (CFNetwork) [com.apple.CFNetwork:Default] Task <373E2204-EFC3-4D6D-85B1-32AED6365DA2>.<25> now using Connection 1
2026-09-29 16:18:38.188894+0000 0x19f7e    Default     0x0                  40755  0    GitHubStore: (CFNetwork) [com.apple.CFNetwork:Default] Task <373E2204-EFC3-4D6D-85B1-32AED6365DA2>.<25> sent request, body N 0
2026-09-29 16:18:38.194983+0000 0x19f76    Default     0x0                  40755  0    GitHubStore: (CFNetwork) [com.apple.CFNetwork:Default] Task <5522F17B-5338-4938-AFF3-F6F1B8A46F9A>.<26> resuming, timeouts(179769313486231570814527423731704356798070567525844996598917476803157260780028538760589558632766878171540458953514382464234321326889464182768467546703537516986049910576551282076245490090389328944075868508455133942304583236903222948165808559332123348274797826204144723168738177180919299881250404026184124858368.0, 604800.0) qos(0x15) voucher((null)) activity(00000000-0000-0000-0000-000000000000)
2026-09-29 16:18:38.195608+0000 0x19f58    Default     0x0                  40755  0    GitHubStore: (CFNetwork) [com.apple.CFNetwork:Default] Task <5522F17B-5338-4938-AFF3-F6F1B8A46F9A>.<26> now using Connection 1
2026-09-29 16:18:38.195717+0000 0x19f58    Default     0x0                  40755  0    GitHubStore: (CFNetwork) [com.apple.CFNetwork:Default] Task <5522F17B-5338-4938-AFF3-F6F1B8A46F9A>.<26> sent request, body N 0
2026-09-29 16:18:38.303201+0000 0x19f55    Default     0x0                  40755  0    GitHubStore: (CFNetwork) [com.apple.CFNetwork:Default] Task <85277F88-4747-4C5B-9C49-90D05EC9531A>.<12> received response, status 200 content K
2026-09-29 16:18:38.303299+0000 0x19f55    Default     0x0                  40755  0    GitHubStore: (CFNetwork) [com.apple.CFNetwork:Default] Task <85277F88-4747-4C5B-9C49-90D05EC9531A>.<12> done using Connection 1
2026-09-29 16:18:38.303401+0000 0x19f55    Default     0x0                  40755  0    GitHubStore: (CFNetwork) [com.apple.CFNetwork:Default] Task <85277F88-4747-4C5B-9C49-90D05EC9531A>.<12> response ended
2026-09-29 16:18:38.321730+0000 0x19f57    Default     0x0                  40755  0    GitHubStore: (CFNetwork) [com.apple.CFNetwork:Default] Task <A097F2E1-8E32-40A9-88AE-65F38C9FA48C>.<3> received response, status 200 content K
2026-09-29 16:18:38.321802+0000 0x19f57    Default     0x0                  40755  0    GitHubStore: (CFNetwork) [com.apple.CFNetwork:Default] Task <A097F2E1-8E32-40A9-88AE-65F38C9FA48C>.<3> done using Connection 1
2026-09-29 16:18:38.321883+0000 0x19f57    Default     0x0                  40755  0    GitHubStore: (CFNetwork) [com.apple.CFNetwork:Default] Task <A097F2E1-8E32-40A9-88AE-65F38C9FA48C>.<3> response ended
2026-09-29 16:18:38.335303+0000 0x19f55    Default     0x0                  40755  0    GitHubStore: (CFNetwork) [com.apple.CFNetwork:Summary] Task <85277F88-4747-4C5B-9C49-90D05EC9531A>.<12> summary for task success {transaction_duration_ms=182, response_status=200, connection=1, reused=1, reused_after_ms=0, request_start_ms=0, request_duration_ms=0, response_start_ms=150, response_duration_ms=0, request_bytes=52, request_throughput_kbps=3016, response_bytes=1124, response_throughput_kbps=29568, cache_hit=false}
2026-09-29 16:18:38.335535+0000 0x19f55    Default     0x0                  40755  0    GitHubStore: (CFNetwork) [com.apple.CFNetwork:Default] Task <85277F88-4747-4C5B-9C49-90D05EC9531A>.<12> finished successfully
2026-09-29 16:18:38.337716+0000 0x19f7e    Default     0x0                  40755  0    GitHubStore: (CFNetwork) [com.apple.CFNetwork:Summary] Task <A097F2E1-8E32-40A9-88AE-65F38C9FA48C>.<3> summary for task success {transaction_duration_ms=201, response_status=200, connection=1, reused=1, reused_after_ms=0, request_start_ms=2, request_duration_ms=0, response_start_ms=185, response_duration_ms=0, request_bytes=57, request_throughput_kbps=830, response_bytes=1123, response_throughput_kbps=22740, cache_hit=false}
2026-09-29 16:18:38.337854+0000 0x19f7e    Default     0x0                  40755  0    GitHubStore: (CFNetwork) [com.apple.CFNetwork:Default] Task <A097F2E1-8E32-40A9-88AE-65F38C9FA48C>.<3> finished successfully
2026-09-29 16:18:38.341258+0000 0x19f74    Default     0x0                  40755  0    GitHubStore: (CFNetwork) [com.apple.CFNetwork:Default] Task <C36B5FC9-DC4B-4B1E-9317-6375FD73A6B0>.<27> resuming, timeouts(179769313486231570814527423731704356798070567525844996598917476803157260780028538760589558632766878171540458953514382464234321326889464182768467546703537516986049910576551282076245490090389328944075868508455133942304583236903222948165808559332123348274797826204144723168738177180919299881250404026184124858368.0, 604800.0) qos(0x15) voucher((null)) activity(00000000-0000-0000-0000-000000000000)
2026-09-29 16:18:38.346434+0000 0x19f58    Default     0x0                  40755  0    GitHubStore: (CFNetwork) [com.apple.CFNetwork:Default] Task <C36B5FC9-DC4B-4B1E-9317-6375FD73A6B0>.<27> now using Connection 1
2026-09-29 16:18:38.346692+0000 0x19f58    Default     0x0                  40755  0    GitHubStore: (CFNetwork) [com.apple.CFNetwork:Default] Task <C36B5FC9-DC4B-4B1E-9317-6375FD73A6B0>.<27> sent request, body N 0
2026-09-29 16:18:38.365891+0000 0x19f57    Default     0x0                  40755  0    GitHubStore: (CFNetwork) [com.apple.CFNetwork:Default] Task <19A9749D-514F-4603-A8E9-D904554D8628>.<18> received response, status 200 content U
2026-09-29 16:18:38.366072+0000 0x19f57    Default     0x0                  40755  0    GitHubStore: (CFNetwork) [com.apple.CFNetwork:Default] Task <19A9749D-514F-4603-A8E9-D904554D8628>.<18> done using Connection 1
2026-09-29 16:18:38.367643+0000 0x19f57    Default     0x0                  40755  0    GitHubStore: (CFNetwork) [com.apple.CFNetwork:Default] Task <19A9749D-514F-4603-A8E9-D904554D8628>.<18> response ended
2026-09-29 16:18:38.368623+0000 0x19f57    Default     0x0                  40755  0    GitHubStore: (CFNetwork) [com.apple.CFNetwork:Default] Task <B29CEE79-1906-44A0-A8F9-B63858F31B59>.<10> received response, status 200 content U
2026-09-29 16:18:38.368734+0000 0x19f57    Default     0x0                  40755  0    GitHubStore: (CFNetwork) [com.apple.CFNetwork:Default] Task <C5F67FE3-B22C-486E-96D2-B0F8E5123864>.<20> received response, status 200 content U
2026-09-29 16:18:38.368948+0000 0x19f57    Default     0x0                  40755  0    GitHubStore: (CFNetwork) [com.apple.CFNetwork:Default] Task <B29CEE79-1906-44A0-A8F9-B63858F31B59>.<10> done using Connection 1
2026-09-29 16:18:38.368974+0000 0x19f57    Default     0x0                  40755  0    GitHubStore: (CFNetwork) [com.apple.CFNetwork:Default] Task <C5F67FE3-B22C-486E-96D2-B0F8E5123864>.<20> done using Connection 1
2026-09-29 16:18:38.372145+0000 0x19f57    Default     0x0                  40755  0    GitHubStore: (CFNetwork) [com.apple.CFNetwork:Default] Task <B29CEE79-1906-44A0-A8F9-B63858F31B59>.<10> response ended
2026-09-29 16:18:38.372190+0000 0x19f57    Default     0x0                  40755  0    GitHubStore: (CFNetwork) [com.apple.CFNetwork:Default] Task <C5F67FE3-B22C-486E-96D2-B0F8E5123864>.<20> response ended
2026-09-29 16:18:38.372622+0000 0x19f57    Default     0x0                  40755  0    GitHubStore: (CFNetwork) [com.apple.CFNetwork:Default] Task <F0B0B098-2A18-4FEA-B4F5-7C7770552EEC>.<16> received response, status 200 content U
2026-09-29 16:18:38.372986+0000 0x19f57    Default     0x0                  40755  0    GitHubStore: (CFNetwork) [com.apple.CFNetwork:Default] Task <F0B0B098-2A18-4FEA-B4F5-7C7770552EEC>.<16> done using Connection 1
2026-09-29 16:18:38.373360+0000 0x19f57    Default     0x0                  40755  0    GitHubStore: (CFNetwork) [com.apple.CFNetwork:Default] Task <F0B0B098-2A18-4FEA-B4F5-7C7770552EEC>.<16> response ended
2026-09-29 16:18:38.389298+0000 0x19f57    Default     0x0                  40755  0    GitHubStore: (CFNetwork) [com.apple.CFNetwork:Summary] Task <19A9749D-514F-4603-A8E9-D904554D8628>.<18> summary for task success {transaction_duration_ms=220, response_status=200, connection=1, reused=1, reused_after_ms=0, request_start_ms=0, request_duration_ms=0, response_start_ms=197, response_duration_ms=1, request_bytes=50, request_throughput_kbps=5412, response_bytes=10552, response_throughput_kbps=44500, cache_hit=false}
2026-09-29 16:18:38.389375+0000 0x19f57    Default     0x0                  40755  0    GitHubStore: (CFNetwork) [com.apple.CFNetwork:Default] Task <19A9749D-514F-4603-A8E9-D904554D8628>.<18> finished successfully
2026-09-29 16:18:38.393413+0000 0x19f7e    Default     0x0                  40755  0    GitHubStore: (CFNetwork) [com.apple.CFNetwork:Default] Task <819C4CD4-09F9-4FA0-BD99-9199B9F7A118>.<8> received response, status 200 content U
2026-09-29 16:18:38.398334+0000 0x1a039    Default     0x0                  40755  0    GitHubStore: (CFNetwork) [com.apple.CFNetwork:Summary] Task <B29CEE79-1906-44A0-A8F9-B63858F31B59>.<10> summary for task success {transaction_duration_ms=250, response_status=200, connection=1, reused=1, reused_after_ms=0, request_start_ms=0, request_duration_ms=0, response_start_ms=220, response_duration_ms=3, request_bytes=62, request_throughput_kbps=4464, response_bytes=3773, response_throughput_kbps=8038, cache_hit=false}
2026-09-29 16:18:38.398448+0000 0x1a039    Default     0x0                  40755  0    GitHubStore: (CFNetwork) [com.apple.CFNetwork:Default] Task <B29CEE79-1906-44A0-A8F9-B63858F31B59>.<10> finished successfully
2026-09-29 16:18:38.399593+0000 0x19f7e    Default     0x0                  40755  0    GitHubStore: (CFNetwork) [com.apple.CFNetwork:Summary] Task <C5F67FE3-B22C-486E-96D2-B0F8E5123864>.<20> summary for task success {transaction_duration_ms=227, response_status=200, connection=1, reused=1, reused_after_ms=0, request_start_ms=0, request_duration_ms=0, response_start_ms=196, response_duration_ms=3, request_bytes=57, request_throughput_kbps=5495, response_bytes=14356, response_throughput_kbps=32823, cache_hit=false}
2026-09-29 16:18:38.399645+0000 0x19f7e    Default     0x0                  40755  0    GitHubStore: (CFNetwork) [com.apple.CFNetwork:Default] Task <C5F67FE3-B22C-486E-96D2-B0F8E5123864>.<20> finished successfully
2026-09-29 16:18:38.401002+0000 0x1a039    Default     0x0                  40755  0    GitHubStore: (CFNetwork) [com.apple.CFNetwork:Summary] Task <F0B0B098-2A18-4FEA-B4F5-7C7770552EEC>.<16> summary for task success {transaction_duration_ms=235, response_status=200, connection=1, reused=1, reused_after_ms=0, request_start_ms=0, request_duration_ms=0, response_start_ms=207, response_duration_ms=0, request_bytes=55, request_throughput_kbps=2429, response_bytes=15087, response_throughput_kbps=149751, cache_hit=false}
2026-09-29 16:18:38.468560+0000 0x19f58    Default     0x0                  40755  0    GitHubStore: (CFNetwork) [com.apple.CFNetwork:Default] Task <93569813-5010-4E9A-991A-2E099ADE288F>.<9> received response, status 200 content K
2026-09-29 16:18:38.469994+0000 0x19f7c    Default     0x0                  40755  0    GitHubStore: (CFNetwork) [com.apple.CFNetwork:Default] Task <6C95124F-8898-45C2-B2EA-5F496FD14B41>.<28> resuming, timeouts(179769313486231570814527423731704356798070567525844996598917476803157260780028538760589558632766878171540458953514382464234321326889464182768467546703537516986049910576551282076245490090389328944075868508455133942304583236903222948165808559332123348274797826204144723168738177180919299881250404026184124858368.0, 604800.0) qos(0x15) voucher((null)) activity(00000000-0000-0000-0000-000000000000)
2026-09-29 16:18:38.470514+0000 0x19f73    Default     0x0                  40755  0    GitHubStore: (CFNetwork) [com.apple.CFNetwork:Default] Task <E28C40FA-DF5E-4AAB-9992-D37F6F6018CA>.<29> resuming, timeouts(179769313486231570814527423731704356798070567525844996598917476803157260780028538760589558632766878171540458953514382464234321326889464182768467546703537516986049910576551282076245490090389328944075868508455133942304583236903222948165808559332123348274797826204144723168738177180919299881250404026184124858368.0, 604800.0) qos(0x15) voucher((null)) activity(00000000-0000-0000-0000-000000000000)
2026-09-29 16:18:38.470768+0000 0x1a039    Default     0x0                  40755  0    GitHubStore: (CFNetwork) [com.apple.CFNetwork:Default] Task <F0B0B098-2A18-4FEA-B4F5-7C7770552EEC>.<16> finished successfully
2026-09-29 16:18:38.532354+0000 0x19f58    Default     0x0                  40755  0    GitHubStore: (CFNetwork) [com.apple.CFNetwork:Default] Task <773D4C61-F676-4E4E-BD8C-D71112B99FD0>.<19> received response, status 200 content U
2026-09-29 16:18:38.533122+0000 0x19f75    Default     0x0                  40755  0    GitHubStore: (CFNetwork) [com.apple.CFNetwork:Default] Task <58512411-9E06-4535-999A-B259533C32D1>.<30> resuming, timeouts(179769313486231570814527423731704356798070567525844996598917476803157260780028538760589558632766878171540458953514382464234321326889464182768467546703537516986049910576551282076245490090389328944075868508455133942304583236903222948165808559332123348274797826204144723168738177180919299881250404026184124858368.0, 604800.0) qos(0x15) voucher((null)) activity(00000000-0000-0000-0000-000000000000)
2026-09-29 16:18:38.549128+0000 0x19f58    Default     0x0                  40755  0    GitHubStore: (CFNetwork) [com.apple.CFNetwork:Default] Task <B3BCAF20-E07D-4FD0-AC9C-D3FB65EDD98E>.<6> received response, status 200 content U
2026-09-29 16:18:38.549793+0000 0x19f58    Default     0x0                  40755  0    GitHubStore: (CFNetwork) [com.apple.CFNetwork:Default] Task <9417A587-935B-4F6F-AED1-C2C3BF815469>.<2> received response, status 200 content U
2026-09-29 16:18:38.550495+0000 0x19f58    Default     0x0                  40755  0    GitHubStore: (CFNetwork) [com.apple.CFNetwork:Default] Task <45F35FE3-B6D9-45A1-A273-ABF67C1E4F5F>.<7> received response, status 200 content U
2026-09-29 16:18:38.550790+0000 0x19f58    Default     0x0                  40755  0    GitHubStore: (CFNetwork) [com.apple.CFNetwork:Default] Task <819C4CD4-09F9-4FA0-BD99-9199B9F7A118>.<8> done using Connection 1
2026-09-29 16:18:38.550922+0000 0x19f58    Default     0x0                  40755  0    GitHubStore: (CFNetwork) [com.apple.CFNetwork:Default] Task <93569813-5010-4E9A-991A-2E099ADE288F>.<9> done using Connection 1
2026-09-29 16:18:38.551016+0000 0x19f58    Default     0x0                  40755  0    GitHubStore: (CFNetwork) [com.apple.CFNetwork:Default] Task <773D4C61-F676-4E4E-BD8C-D71112B99FD0>.<19> done using Connection 1
2026-09-29 16:18:38.551102+0000 0x19f58    Default     0x0                  40755  0    GitHubStore: (CFNetwork) [com.apple.CFNetwork:Default] Task <B3BCAF20-E07D-4FD0-AC9C-D3FB65EDD98E>.<6> done using Connection 1
2026-09-29 16:18:38.553427+0000 0x19f78    Default     0x0                  40755  0    GitHubStore: (CFNetwork) [com.apple.CFNetwork:Default] Task <84061B39-A00E-41B0-A2D9-DB028B3566D1>.<32> resuming, timeouts(179769313486231570814527423731704356798070567525844996598917476803157260780028538760589558632766878171540458953514382464234321326889464182768467546703537516986049910576551282076245490090389328944075868508455133942304583236903222948165808559332123348274797826204144723168738177180919299881250404026184124858368.0, 604800.0) qos(0x15) voucher((null)) activity(00000000-0000-0000-0000-000000000000)
2026-09-29 16:18:38.554628+0000 0x19f74    Default     0x0                  40755  0    GitHubStore: (CFNetwork) [com.apple.CFNetwork:Default] Task <D6499706-97BD-43C8-987F-01BDCB9D5718>.<31> resuming, timeouts(179769313486231570814527423731704356798070567525844996598917476803157260780028538760589558632766878171540458953514382464234321326889464182768467546703537516986049910576551282076245490090389328944075868508455133942304583236903222948165808559332123348274797826204144723168738177180919299881250404026184124858368.0, 604800.0) qos(0x15) voucher((null)) activity(00000000-0000-0000-0000-000000000000)
2026-09-29 16:18:38.566743+0000 0x19f58    Default     0x0                  40755  0    GitHubStore: (CFNetwork) [com.apple.CFNetwork:Default] Task <819C4CD4-09F9-4FA0-BD99-9199B9F7A118>.<8> response ended
2026-09-29 16:18:38.566831+0000 0x19f58    Default     0x0                  40755  0    GitHubStore: (CFNetwork) [com.apple.CFNetwork:Default] Task <93569813-5010-4E9A-991A-2E099ADE288F>.<9> response ended
2026-09-29 16:18:38.566871+0000 0x19f58    Default     0x0                  40755  0    GitHubStore: (CFNetwork) [com.apple.CFNetwork:Default] Task <773D4C61-F676-4E4E-BD8C-D71112B99FD0>.<19> response ended
2026-09-29 16:18:38.566893+0000 0x19f58    Default     0x0                  40755  0    GitHubStore: (CFNetwork) [com.apple.CFNetwork:Default] Task <B3BCAF20-E07D-4FD0-AC9C-D3FB65EDD98E>.<6> response ended
2026-09-29 16:18:38.567279+0000 0x19f58    Default     0x0                  40755  0    GitHubStore: (CFNetwork) [com.apple.CFNetwork:Default] Task <E28C40FA-DF5E-4AAB-9992-D37F6F6018CA>.<29> now using Connection 1
2026-09-29 16:18:38.567677+0000 0x19f55    Default     0x0                  40755  0    GitHubStore: (CFNetwork) [com.apple.CFNetwork:Summary] Task <819C4CD4-09F9-4FA0-BD99-9199B9F7A118>.<8> summary for task success {transaction_duration_ms=425, response_status=200, connection=1, reused=1, reused_after_ms=0, request_start_ms=2, request_duration_ms=0, response_start_ms=251, response_duration_ms=173, request_bytes=53, request_throughput_kbps=482, response_bytes=29817, response_throughput_kbps=1375, cache_hit=false}
2026-09-29 16:18:38.567711+0000 0x19f58    Default     0x0                  40755  0    GitHubStore: (CFNetwork) [com.apple.CFNetwork:Default] Task <6C95124F-8898-45C2-B2EA-5F496FD14B41>.<28> now using Connection 1
2026-09-29 16:18:38.567807+0000 0x19f55    Default     0x0                  40755  0    GitHubStore: (CFNetwork) [com.apple.CFNetwork:Default] Task <819C4CD4-09F9-4FA0-BD99-9199B9F7A118>.<8> finished successfully
2026-09-29 16:18:38.567903+0000 0x19f58    Default     0x0                  40755  0    GitHubStore: (CFNetwork) [com.apple.CFNetwork:Default] Task <58512411-9E06-4535-999A-B259533C32D1>.<30> now using Connection 1
2026-09-29 16:18:38.568040+0000 0x19f55    Default     0x0                  40755  0    GitHubStore: (CFNetwork) [com.apple.CFNetwork:Summary] Task <93569813-5010-4E9A-991A-2E099ADE288F>.<9> summary for task success {transaction_duration_ms=425, response_status=200, connection=1, reused=1, reused_after_ms=0, request_start_ms=1, request_duration_ms=1, response_start_ms=325, response_duration_ms=98, request_bytes=48, request_throughput_kbps=360, response_bytes=4689, response_throughput_kbps=380, cache_hit=false}
2026-09-29 16:18:38.568080+0000 0x19f55    Default     0x0                  40755  0    GitHubStore: (CFNetwork) [com.apple.CFNetwork:Default] Task <93569813-5010-4E9A-991A-2E099ADE288F>.<9> finished successfully
2026-09-29 16:18:38.568150+0000 0x19f55    Default     0x0                  40755  0    GitHubStore: (CFNetwork) [com.apple.CFNetwork:Summary] Task <773D4C61-F676-4E4E-BD8C-D71112B99FD0>.<19> summary for task success {transaction_duration_ms=398, response_status=200, connection=1, reused=1, reused_after_ms=0, request_start_ms=0, request_duration_ms=0, response_start_ms=362, response_duration_ms=34, request_bytes=47, request_throughput_kbps=8171, response_bytes=16840, response_throughput_kbps=3889, cache_hit=false}
2026-09-29 16:18:38.568173+0000 0x19f55    Default     0x0                  40755  0    GitHubStore: (CFNetwork) [com.apple.CFNetwork:Default] Task <773D4C61-F676-4E4E-BD8C-D71112B99FD0>.<19> finished successfully
2026-09-29 16:18:38.568431+0000 0x19f58    Default     0x0                  40755  0    GitHubStore: (CFNetwork) [com.apple.CFNetwork:Default] Task <84061B39-A00E-41B0-A2D9-DB028B3566D1>.<32> now using Connection 1
2026-09-29 16:18:38.569985+0000 0x19f55    Default     0x0                  40755  0    GitHubStore: (CFNetwork) [com.apple.CFNetwork:Summary] Task <B3BCAF20-E07D-4FD0-AC9C-D3FB65EDD98E>.<6> summary for task success {transaction_duration_ms=430, response_status=200, connection=1, reused=1, reused_after_ms=0, request_start_ms=5, request_duration_ms=0, response_start_ms=409, response_duration_ms=17, request_bytes=59, request_throughput_kbps=1255, response_bytes=6708, response_throughput_kbps=2997, cache_hit=false}
2026-09-29 16:18:38.570497+0000 0x19f55    Default     0x0                  40755  0    GitHubStore: (CFNetwork) [com.apple.CFNetwork:Default] Task <B3BCAF20-E07D-4FD0-AC9C-D3FB65EDD98E>.<6> finished successfully
2026-09-29 16:18:38.574933+0000 0x19f7a    Default     0x0                  40755  0    GitHubStore: (CFNetwork) [com.apple.CFNetwork:Default] Task <83A6542C-F6F3-4D80-A559-B947D72F8388>.<33> resuming, timeouts(179769313486231570814527423731704356798070567525844996598917476803157260780028538760589558632766878171540458953514382464234321326889464182768467546703537516986049910576551282076245490090389328944075868508455133942304583236903222948165808559332123348274797826204144723168738177180919299881250404026184124858368.0, 604800.0) qos(0x15) voucher((null)) activity(00000000-0000-0000-0000-000000000000)
2026-09-29 16:18:38.578783+0000 0x19f58    Default     0x0                  40755  0    GitHubStore: (CFNetwork) [com.apple.CFNetwork:Default] Task <D6499706-97BD-43C8-987F-01BDCB9D5718>.<31> now using Connection 1
2026-09-29 16:18:38.581850+0000 0x19f75    Default     0x0                  40755  0    GitHubStore: (CFNetwork) [com.apple.CFNetwork:Default] Task <A94CC77E-4AE4-4A5E-AC29-4C2693803F6E>.<34> resuming, timeouts(179769313486231570814527423731704356798070567525844996598917476803157260780028538760589558632766878171540458953514382464234321326889464182768467546703537516986049910576551282076245490090389328944075868508455133942304583236903222948165808559332123348274797826204144723168738177180919299881250404026184124858368.0, 604800.0) qos(0x15) voucher((null)) activity(00000000-0000-0000-0000-000000000000)
2026-09-29 16:18:38.583263+0000 0x19f58    Default     0x0                  40755  0    GitHubStore: (CFNetwork) [com.apple.CFNetwork:Default] Task <05B06D07-F71E-4D34-98DE-FD94ABDD7627>.<11> received response, status 200 content U
2026-09-29 16:18:38.583502+0000 0x19f58    Default     0x0                  40755  0    GitHubStore: (CFNetwork) [com.apple.CFNetwork:Default] Task <89C6CCA5-16DA-4BE6-BF11-AC1DA9E7C10D>.<15> received response, status 200 content U
2026-09-29 16:18:38.583671+0000 0x19f58    Default     0x0                  40755  0    GitHubStore: (CFNetwork) [com.apple.CFNetwork:Default] Task <7834ED23-B724-4559-8A89-9DB892571976>.<17> received response, status 200 content U
2026-09-29 16:18:38.583780+0000 0x19f58    Default     0x0                  40755  0    GitHubStore: (CFNetwork) [com.apple.CFNetwork:Default] Task <96AD6AF1-830B-406A-AB34-E21F51F99F28>.<23> received response, status 200 content K
2026-09-29 16:18:38.583892+0000 0x19f58    Default     0x0                  40755  0    GitHubStore: (CFNetwork) [com.apple.CFNetwork:Default] Task <43371757-1043-4961-B0D3-90CA6C0C71B5>.<14> received response, status 200 content U
2026-09-29 16:18:38.583958+0000 0x19f58    Default     0x0                  40755  0    GitHubStore: (CFNetwork) [com.apple.CFNetwork:Default] Task <C4EAA12B-E7D9-4DA2-841B-305920C95BC3>.<5> received response, status 200 content K
2026-09-29 16:18:38.584019+0000 0x19f58    Default     0x0                  40755  0    GitHubStore: (CFNetwork) [com.apple.CFNetwork:Default] Task <373E2204-EFC3-4D6D-85B1-32AED6365DA2>.<25> received response, status 200 content U
2026-09-29 16:18:38.584088+0000 0x19f58    Default     0x0                  40755  0    GitHubStore: (CFNetwork) [com.apple.CFNetwork:Default] Task <5522F17B-5338-4938-AFF3-F6F1B8A46F9A>.<26> received response, status 200 content U
2026-09-29 16:18:38.584175+0000 0x19f58    Default     0x0                  40755  0    GitHubStore: (CFNetwork) [com.apple.CFNetwork:Default] Task <C2DAC765-0045-49D8-85ED-8E1BF20FDABA>.<4> received response, status 200 content U
2026-09-29 16:18:38.584311+0000 0x19f58    Default     0x0                  40755  0    GitHubStore: (CFNetwork) [com.apple.CFNetwork:Default] Task <1844E042-B038-420F-BC90-8016FE9ECBB9>.<21> received response, status 200 content U
2026-09-29 16:18:38.584524+0000 0x19f58    Default     0x0                  40755  0    GitHubStore: (CFNetwork) [com.apple.CFNetwork:Default] Task <615FDEFB-513B-4595-B59D-48D8C43BF476>.<13> received response, status 200 content U
2026-09-29 16:18:38.584815+0000 0x19f58    Default     0x0                  40755  0    GitHubStore: (CFNetwork) [com.apple.CFNetwork:Default] Task <C36B5FC9-DC4B-4B1E-9317-6375FD73A6B0>.<27> received response, status 200 content U
2026-09-29 16:18:38.584915+0000 0x19f58    Default     0x0                  40755  0    GitHubStore: (CFNetwork) [com.apple.CFNetwork:Default] Task <E28C40FA-DF5E-4AAB-9992-D37F6F6018CA>.<29> sent request, body N 0
2026-09-29 16:18:38.584948+0000 0x19f58    Default     0x0                  40755  0    GitHubStore: (CFNetwork) [com.apple.CFNetwork:Default] Task <6C95124F-8898-45C2-B2EA-5F496FD14B41>.<28> sent request, body N 0
2026-09-29 16:18:38.584968+0000 0x19f58    Default     0x0                  40755  0    GitHubStore: (CFNetwork) [com.apple.CFNetwork:Default] Task <58512411-9E06-4535-999A-B259533C32D1>.<30> sent request, body N 0
2026-09-29 16:18:38.584985+0000 0x19f58    Default     0x0                  40755  0    GitHubStore: (CFNetwork) [com.apple.CFNetwork:Default] Task <84061B39-A00E-41B0-A2D9-DB028B3566D1>.<32> sent request, body N 0
2026-09-29 16:18:38.585001+0000 0x19f58    Default     0x0                  40755  0    GitHubStore: (CFNetwork) [com.apple.CFNetwork:Default] Task <D6499706-97BD-43C8-987F-01BDCB9D5718>.<31> sent request, body N 0
2026-09-29 16:18:38.585029+0000 0x19f58    Default     0x0                  40755  0    GitHubStore: (CFNetwork) [com.apple.CFNetwork:Default] Task <45F35FE3-B6D9-45A1-A273-ABF67C1E4F5F>.<7> done using Connection 1
2026-09-29 16:18:38.585065+0000 0x19f58    Default     0x0                  40755  0    GitHubStore: (CFNetwork) [com.apple.CFNetwork:Default] Task <9417A587-935B-4F6F-AED1-C2C3BF815469>.<2> done using Connection 1
2026-09-29 16:18:38.585459+0000 0x19f58    Default     0x0                  40755  0    GitHubStore: (CFNetwork) [com.apple.CFNetwork:Default] Task <05B06D07-F71E-4D34-98DE-FD94ABDD7627>.<11> done using Connection 1
2026-09-29 16:18:38.586385+0000 0x19f58    Default     0x0                  40755  0    GitHubStore: (CFNetwork) [com.apple.CFNetwork:Default] Task <89C6CCA5-16DA-4BE6-BF11-AC1DA9E7C10D>.<15> done using Connection 1
2026-09-29 16:18:38.586641+0000 0x19f58    Default     0x0                  40755  0    GitHubStore: (CFNetwork) [com.apple.CFNetwork:Default] Task <7834ED23-B724-4559-8A89-9DB892571976>.<17> done using Connection 1
2026-09-29 16:18:38.587116+0000 0x19f58    Default     0x0                  40755  0    GitHubStore: (CFNetwork) [com.apple.CFNetwork:Default] Task <96AD6AF1-830B-406A-AB34-E21F51F99F28>.<23> done using Connection 1
2026-09-29 16:18:38.587589+0000 0x19f58    Default     0x0                  40755  0    GitHubStore: (CFNetwork) [com.apple.CFNetwork:Default] Task <43371757-1043-4961-B0D3-90CA6C0C71B5>.<14> done using Connection 1
2026-09-29 16:18:38.587856+0000 0x19f58    Default     0x0                  40755  0    GitHubStore: (CFNetwork) [com.apple.CFNetwork:Default] Task <C4EAA12B-E7D9-4DA2-841B-305920C95BC3>.<5> done using Connection 1
2026-09-29 16:18:38.588331+0000 0x19f58    Default     0x0                  40755  0    GitHubStore: (CFNetwork) [com.apple.CFNetwork:Default] Task <5522F17B-5338-4938-AFF3-F6F1B8A46F9A>.<26> done using Connection 1
2026-09-29 16:18:38.588556+0000 0x19f58    Default     0x0                  40755  0    GitHubStore: (CFNetwork) [com.apple.CFNetwork:Default] Task <373E2204-EFC3-4D6D-85B1-32AED6365DA2>.<25> done using Connection 1
2026-09-29 16:18:38.588689+0000 0x19f58    Default     0x0                  40755  0    GitHubStore: (CFNetwork) [com.apple.CFNetwork:Default] Task <C2DAC765-0045-49D8-85ED-8E1BF20FDABA>.<4> done using Connection 1
2026-09-29 16:18:38.588796+0000 0x19f58    Default     0x0                  40755  0    GitHubStore: (CFNetwork) [com.apple.CFNetwork:Default] Task <1844E042-B038-420F-BC90-8016FE9ECBB9>.<21> done using Connection 1
2026-09-29 16:18:38.588911+0000 0x19f58    Default     0x0                  40755  0    GitHubStore: (CFNetwork) [com.apple.CFNetwork:Default] Task <615FDEFB-513B-4595-B59D-48D8C43BF476>.<13> done using Connection 1
2026-09-29 16:18:38.589094+0000 0x19f58    Default     0x0                  40755  0    GitHubStore: (CFNetwork) [com.apple.CFNetwork:Default] Task <C36B5FC9-DC4B-4B1E-9317-6375FD73A6B0>.<27> done using Connection 1
2026-09-29 16:18:38.597759+0000 0x19f58    Default     0x0                  40755  0    GitHubStore: (CFNetwork) [com.apple.CFNetwork:Default] Task <45F35FE3-B6D9-45A1-A273-ABF67C1E4F5F>.<7> response ended
2026-09-29 16:18:38.597935+0000 0x19f58    Default     0x0                  40755  0    GitHubStore: (CFNetwork) [com.apple.CFNetwork:Default] Task <9417A587-935B-4F6F-AED1-C2C3BF815469>.<2> response ended
2026-09-29 16:18:38.598019+0000 0x19f58    Default     0x0                  40755  0    GitHubStore: (CFNetwork) [com.apple.CFNetwork:Default] Task <05B06D07-F71E-4D34-98DE-FD94ABDD7627>.<11> response ended
2026-09-29 16:18:38.598096+0000 0x19f58    Default     0x0                  40755  0    GitHubStore: (CFNetwork) [com.apple.CFNetwork:Default] Task <89C6CCA5-16DA-4BE6-BF11-AC1DA9E7C10D>.<15> response ended
2026-09-29 16:18:38.598170+0000 0x19f58    Default     0x0                  40755  0    GitHubStore: (CFNetwork) [com.apple.CFNetwork:Default] Task <7834ED23-B724-4559-8A89-9DB892571976>.<17> response ended
2026-09-29 16:18:38.598259+0000 0x19f58    Default     0x0                  40755  0    GitHubStore: (CFNetwork) [com.apple.CFNetwork:Default] Task <96AD6AF1-830B-406A-AB34-E21F51F99F28>.<23> response ended
2026-09-29 16:18:38.598325+0000 0x19f58    Default     0x0                  40755  0    GitHubStore: (CFNetwork) [com.apple.CFNetwork:Default] Task <43371757-1043-4961-B0D3-90CA6C0C71B5>.<14> response ended
2026-09-29 16:18:38.598394+0000 0x19f58    Default     0x0                  40755  0    GitHubStore: (CFNetwork) [com.apple.CFNetwork:Default] Task <C4EAA12B-E7D9-4DA2-841B-305920C95BC3>.<5> response ended
2026-09-29 16:18:38.598466+0000 0x19f58    Default     0x0                  40755  0    GitHubStore: (CFNetwork) [com.apple.CFNetwork:Default] Task <5522F17B-5338-4938-AFF3-F6F1B8A46F9A>.<26> response ended
2026-09-29 16:18:38.600791+0000 0x19f58    Default     0x0                  40755  0    GitHubStore: (CFNetwork) [com.apple.CFNetwork:Default] Task <373E2204-EFC3-4D6D-85B1-32AED6365DA2>.<25> response ended
2026-09-29 16:18:38.600865+0000 0x19f58    Default     0x0                  40755  0    GitHubStore: (CFNetwork) [com.apple.CFNetwork:Default] Task <C2DAC765-0045-49D8-85ED-8E1BF20FDABA>.<4> response ended
2026-09-29 16:18:38.601029+0000 0x19f58    Default     0x0                  40755  0    GitHubStore: (CFNetwork) [com.apple.CFNetwork:Default] Task <1844E042-B038-420F-BC90-8016FE9ECBB9>.<21> response ended
2026-09-29 16:18:38.601259+0000 0x19f58    Default     0x0                  40755  0    GitHubStore: (CFNetwork) [com.apple.CFNetwork:Default] Task <615FDEFB-513B-4595-B59D-48D8C43BF476>.<13> response ended
2026-09-29 16:18:38.601668+0000 0x19f58    Default     0x0                  40755  0    GitHubStore: (CFNetwork) [com.apple.CFNetwork:Default] Task <C36B5FC9-DC4B-4B1E-9317-6375FD73A6B0>.<27> response ended
2026-09-29 16:18:38.611793+0000 0x19f58    Default     0x0                  40755  0    GitHubStore: (CFNetwork) [com.apple.CFNetwork:Default] Task <83A6542C-F6F3-4D80-A559-B947D72F8388>.<33> now using Connection 1
2026-09-29 16:18:38.619937+0000 0x19f58    Default     0x0                  40755  0    GitHubStore: (CFNetwork) [com.apple.CFNetwork:Default] Task <A94CC77E-4AE4-4A5E-AC29-4C2693803F6E>.<34> now using Connection 1
2026-09-29 16:18:38.624012+0000 0x19f58    Default     0x0                  40755  0    GitHubStore: (CFNetwork) [com.apple.CFNetwork:Default] Task <53AD1065-9C5E-4E0C-87F9-DA04AA4926A1>.<24> received response, status 200 content U
2026-09-29 16:18:38.624158+0000 0x19f58    Default     0x0                  40755  0    GitHubStore: (CFNetwork) [com.apple.CFNetwork:Default] Task <83A6542C-F6F3-4D80-A559-B947D72F8388>.<33> sent request, body N 0
2026-09-29 16:18:38.624189+0000 0x19f58    Default     0x0                  40755  0    GitHubStore: (CFNetwork) [com.apple.CFNetwork:Default] Task <A94CC77E-4AE4-4A5E-AC29-4C2693803F6E>.<34> sent request, body N 0
2026-09-29 16:18:38.624219+0000 0x19f58    Default     0x0                  40755  0    GitHubStore: (CFNetwork) [com.apple.CFNetwork:Default] Task <53AD1065-9C5E-4E0C-87F9-DA04AA4926A1>.<24> done using Connection 1
2026-09-29 16:18:38.629543+0000 0x19f58    Default     0x0                  40755  0    GitHubStore: (CFNetwork) [com.apple.CFNetwork:Default] Task <53AD1065-9C5E-4E0C-87F9-DA04AA4926A1>.<24> response ended
2026-09-29 16:18:38.631530+0000 0x19f58    Default     0x0                  40755  0    GitHubStore: (CFNetwork) [com.apple.CFNetwork:Default] Task <CBBC7338-C326-4FA5-93AD-32C9413E5467>.<22> received response, status 200 content U
2026-09-29 16:18:38.702608+0000 0x19f58    Default     0x0                  40755  0    GitHubStore: (CFNetwork) [com.apple.CFNetwork:Default] Task <CBBC7338-C326-4FA5-93AD-32C9413E5467>.<22> done using Connection 1
2026-09-29 16:18:38.703085+0000 0x19f58    Default     0x0                  40755  0    GitHubStore: (CFNetwork) [com.apple.CFNetwork:Default] Task <CBBC7338-C326-4FA5-93AD-32C9413E5467>.<22> response ended
2026-09-29 16:18:38.792975+0000 0x19f58    Default     0x0                  40755  0    GitHubStore: (CFNetwork) [com.apple.CFNetwork:Default] Task <6C95124F-8898-45C2-B2EA-5F496FD14B41>.<28> received response, status 200 content U
2026-09-29 16:18:38.793122+0000 0x19f58    Default     0x0                  40755  0    GitHubStore: (CFNetwork) [com.apple.CFNetwork:Default] Task <6C95124F-8898-45C2-B2EA-5F496FD14B41>.<28> done using Connection 1
2026-09-29 16:18:38.793417+0000 0x19f58    Default     0x0                  40755  0    GitHubStore: (CFNetwork) [com.apple.CFNetwork:Default] Task <6C95124F-8898-45C2-B2EA-5F496FD14B41>.<28> response ended
2026-09-29 16:18:38.828688+0000 0x1a04c    Default     0x0                  40755  0    GitHubStore: (CFNetwork) [com.apple.CFNetwork:Default] Task <D6499706-97BD-43C8-987F-01BDCB9D5718>.<31> received response, status 200 content U
2026-09-29 16:18:38.833697+0000 0x1a04c    Default     0x0                  40755  0    GitHubStore: (CFNetwork) [com.apple.CFNetwork:Default] Task <83A6542C-F6F3-4D80-A559-B947D72F8388>.<33> received response, status 200 content U
2026-09-29 16:18:38.833743+0000 0x1a04c    Default     0x0                  40755  0    GitHubStore: (CFNetwork) [com.apple.CFNetwork:Default] Task <83A6542C-F6F3-4D80-A559-B947D72F8388>.<33> done using Connection 1
2026-09-29 16:18:38.833899+0000 0x1a04c    Default     0x0                  40755  0    GitHubStore: (CFNetwork) [com.apple.CFNetwork:Default] Task <83A6542C-F6F3-4D80-A559-B947D72F8388>.<33> response ended
2026-09-29 16:18:38.891593+0000 0x1a05f    Default     0x0                  40755  0    GitHubStore: (CFNetwork) [com.apple.CFNetwork:Default] Task <A94CC77E-4AE4-4A5E-AC29-4C2693803F6E>.<34> received response, status 200 content K
2026-09-29 16:18:38.891696+0000 0x1a05f    Default     0x0                  40755  0    GitHubStore: (CFNetwork) [com.apple.CFNetwork:Default] Task <A94CC77E-4AE4-4A5E-AC29-4C2693803F6E>.<34> done using Connection 1
2026-09-29 16:18:38.891951+0000 0x1a05f    Default     0x0                  40755  0    GitHubStore: (CFNetwork) [com.apple.CFNetwork:Default] Task <A94CC77E-4AE4-4A5E-AC29-4C2693803F6E>.<34> response ended
2026-09-29 16:18:38.899719+0000 0x1a060    Default     0x0                  40755  0    GitHubStore: (CFNetwork) [com.apple.CFNetwork:Default] Task <58512411-9E06-4535-999A-B259533C32D1>.<30> received response, status 200 content U
2026-09-29 16:18:38.900020+0000 0x1a060    Default     0x0                  40755  0    GitHubStore: (CFNetwork) [com.apple.CFNetwork:Default] Task <58512411-9E06-4535-999A-B259533C32D1>.<30> done using Connection 1
2026-09-29 16:18:38.900067+0000 0x1a060    Default     0x0                  40755  0    GitHubStore: (CFNetwork) [com.apple.CFNetwork:Default] Task <D6499706-97BD-43C8-987F-01BDCB9D5718>.<31> done using Connection 1
2026-09-29 16:18:38.902512+0000 0x1a060    Default     0x0                  40755  0    GitHubStore: (CFNetwork) [com.apple.CFNetwork:Default] Task <58512411-9E06-4535-999A-B259533C32D1>.<30> response ended
2026-09-29 16:18:38.902616+0000 0x1a060    Default     0x0                  40755  0    GitHubStore: (CFNetwork) [com.apple.CFNetwork:Default] Task <D6499706-97BD-43C8-987F-01BDCB9D5718>.<31> response ended
2026-09-29 16:18:38.931120+0000 0x1a060    Default     0x0                  40755  0    GitHubStore: (CFNetwork) [com.apple.CFNetwork:Default] Task <E28C40FA-DF5E-4AAB-9992-D37F6F6018CA>.<29> received response, status 200 content U
2026-09-29 16:18:38.931174+0000 0x1a060    Default     0x0                  40755  0    GitHubStore: (CFNetwork) [com.apple.CFNetwork:Default] Task <E28C40FA-DF5E-4AAB-9992-D37F6F6018CA>.<29> done using Connection 1
2026-09-29 16:18:38.931823+0000 0x1a060    Default     0x0                  40755  0    GitHubStore: (CFNetwork) [com.apple.CFNetwork:Default] Task <E28C40FA-DF5E-4AAB-9992-D37F6F6018CA>.<29> response ended
2026-09-29 16:18:38.970273+0000 0x1a042    Default     0x0                  40755  0    GitHubStore: (CFNetwork) [com.apple.CFNetwork:Summary] Task <45F35FE3-B6D9-45A1-A273-ABF67C1E4F5F>.<7> summary for task success {transaction_duration_ms=830, response_status=200, connection=1, reused=1, reused_after_ms=0, request_start_ms=4, request_duration_ms=0, response_start_ms=411, response_duration_ms=47, request_bytes=53, request_throughput_kbps=583, response_bytes=24536, response_throughput_kbps=4134, cache_hit=false}
2026-09-29 16:18:38.970338+0000 0x1a042    Default     0x0                  40755  0    GitHubStore: (CFNetwork) [com.apple.CFNetwork:Default] Task <45F35FE3-B6D9-45A1-A273-ABF67C1E4F5F>.<7> finished successfully
2026-09-29 16:18:38.970624+0000 0x1a042    Default     0x0                  40755  0    GitHubStore: (CFNetwork) [com.apple.CFNetwork:Default] Task <84061B39-A00E-41B0-A2D9-DB028B3566D1>.<32> received response, status 200 content U
2026-09-29 16:18:38.971141+0000 0x1a043    Default     0x0                  40755  0    GitHubStore: (CFNetwork) [com.apple.CFNetwork:Summary] Task <C4EAA12B-E7D9-4DA2-841B-305920C95BC3>.<5> summary for task success {transaction_duration_ms=832, response_status=200, connection=1, reused=1, reused_after_ms=0, request_start_ms=5, request_duration_ms=0, response_start_ms=445, response_duration_ms=14, request_bytes=60, request_throughput_kbps=5162, response_bytes=4442, response_throughput_kbps=2450, cache_hit=false}
2026-09-29 16:18:38.971174+0000 0x1a043    Default     0x0                  40755  0    GitHubStore: (CFNetwork) [com.apple.CFNetwork:Default] Task <C4EAA12B-E7D9-4DA2-841B-305920C95BC3>.<5> finished successfully
2026-09-29 16:18:38.971393+0000 0x1a039    Default     0x0                  40755  0    GitHubStore: (CFNetwork) [com.apple.CFNetwork:Summary] Task <05B06D07-F71E-4D34-98DE-FD94ABDD7627>.<11> summary for task success {transaction_duration_ms=821, response_status=200, connection=1, reused=1, reused_after_ms=0, request_start_ms=0, request_duration_ms=0, response_start_ms=433, response_duration_ms=14, request_bytes=53, request_throughput_kbps=7440, response_bytes=11594, response_throughput_kbps=6196, cache_hit=false}
2026-09-29 16:18:38.971426+0000 0x1a039    Default     0x0                  40755  0    GitHubStore: (CFNetwork) [com.apple.CFNetwork:Default] Task <05B06D07-F71E-4D34-98DE-FD94ABDD7627>.<11> finished successfully
2026-09-29 16:18:38.972217+0000 0x19f55    Default     0x0                  40755  0    GitHubStore: (CFNetwork) [com.apple.CFNetwork:Default] Task <84061B39-A00E-41B0-A2D9-DB028B3566D1>.<32> done using Connection 1
2026-09-29 16:18:39.002779+0000 0x1a039    Default     0x0                  40755  0    GitHubStore: (CFNetwork) [com.apple.CFNetwork:Summary] Task <5522F17B-5338-4938-AFF3-F6F1B8A46F9A>.<26> summary for task success {transaction_duration_ms=807, response_status=200, connection=1, reused=1, reused_after_ms=0, request_start_ms=0, request_duration_ms=0, response_start_ms=388, response_duration_ms=16, request_bytes=54, request_throughput_kbps=5206, response_bytes=7695, response_throughput_kbps=3717, cache_hit=false}
2026-09-29 16:18:39.002897+0000 0x1a039    Default     0x0                  40755  0    GitHubStore: (CFNetwork) [com.apple.CFNetwork:Default] Task <5522F17B-5338-4938-AFF3-F6F1B8A46F9A>.<26> finished successfully
2026-09-29 16:18:39.003437+0000 0x1a039    Default     0x0                  40755  0    GitHubStore: (CFNetwork) [com.apple.CFNetwork:Summary] Task <373E2204-EFC3-4D6D-85B1-32AED6365DA2>.<25> summary for task success {transaction_duration_ms=815, response_status=200, connection=1, reused=1, reused_after_ms=0, request_start_ms=0, request_duration_ms=0, response_start_ms=395, response_duration_ms=16, request_bytes=51, request_throughput_kbps=2667, response_bytes=15442, response_throughput_kbps=7328, cache_hit=false}
2026-09-29 16:18:39.003517+0000 0x1a039    Default     0x0                  40755  0    GitHubStore: (CFNetwork) [com.apple.CFNetwork:Default] Task <373E2204-EFC3-4D6D-85B1-32AED6365DA2>.<25> finished successfully
2026-09-29 16:18:39.003593+0000 0x1a039    Default     0x0                  40755  0    GitHubStore: (CFNetwork) [com.apple.CFNetwork:Summary] Task <6C95124F-8898-45C2-B2EA-5F496FD14B41>.<28> summary for task success {transaction_duration_ms=531, response_status=200, connection=1, reused=1, reused_after_ms=0, request_start_ms=110, request_duration_ms=2, response_start_ms=320, response_duration_ms=0, request_bytes=50, request_throughput_kbps=165, response_bytes=3906, response_throughput_kbps=48291, cache_hit=false}
2026-09-29 16:18:39.020894+0000 0x1a06b    Default     0x0                  40755  0    GitHubStore: (CFNetwork) [com.apple.CFNetwork:Default] Task <653DDF9F-757C-4582-BECF-87DBFB6CFF38>.<35> resuming, timeouts(179769313486231570814527423731704356798070567525844996598917476803157260780028538760589558632766878171540458953514382464234321326889464182768467546703537516986049910576551282076245490090389328944075868508455133942304583236903222948165808559332123348274797826204144723168738177180919299881250404026184124858368.0, 604800.0) qos(0x15) voucher((null)) activity(00000000-0000-0000-0000-000000000000)
2026-09-29 16:18:39.021251+0000 0x19f55    Default     0x0                  40755  0    GitHubStore: (Network) [com.apple.network:connection] [C1] event: client:connection_idle @4.411s
2026-09-29 16:18:39.021281+0000 0x1a039    Default     0x0                  40755  0    GitHubStore: (CFNetwork) [com.apple.CFNetwork:Default] Task <6C95124F-8898-45C2-B2EA-5F496FD14B41>.<28> finished successfully
2026-09-29 16:18:39.021544+0000 0x1a039    Default     0x0                  40755  0    GitHubStore: (CFNetwork) [com.apple.CFNetwork:Summary] Task <83A6542C-F6F3-4D80-A559-B947D72F8388>.<33> summary for task success {transaction_duration_ms=437, response_status=200, connection=1, reused=1, reused_after_ms=0, request_start_ms=39, request_duration_ms=0, response_start_ms=249, response_duration_ms=0, request_bytes=49, request_throughput_kbps=739, response_bytes=5303, response_throughput_kbps=160089, cache_hit=false}
2026-09-29 16:18:39.021808+0000 0x1a039    Default     0x0                  40755  0    GitHubStore: (CFNetwork) [com.apple.CFNetwork:Default] Task <83A6542C-F6F3-4D80-A559-B947D72F8388>.<33> finished successfully
2026-09-29 16:18:39.022057+0000 0x1a039    Default     0x0                  40755  0    GitHubStore: (CFNetwork) [com.apple.CFNetwork:Summary] Task <96AD6AF1-830B-406A-AB34-E21F51F99F28>.<23> summary for task success {transaction_duration_ms=840, response_status=200, connection=1, reused=1, reused_after_ms=0, request_start_ms=0, request_duration_ms=0, response_start_ms=402, response_duration_ms=14, request_bytes=59, request_throughput_kbps=2216, response_bytes=1124, response_throughput_kbps=617, cache_hit=false}
2026-09-29 16:18:39.022175+0000 0x19f55    Default     0x0                  40755  0    GitHubStore: (Network) [com.apple.network:connection] nw_protocol_socket_notify [C1.1.1.1:3] nw_protocol_notification_type_connection_idle is true
2026-09-29 16:18:39.022568+0000 0x1a039    Default     0x0                  40755  0    GitHubStore: (CFNetwork) [com.apple.CFNetwork:Default] Task <96AD6AF1-830B-406A-AB34-E21F51F99F28>.<23> finished successfully
2026-09-29 16:18:39.022829+0000 0x1a039    Default     0x0                  40755  0    GitHubStore: (CFNetwork) [com.apple.CFNetwork:Summary] Task <A94CC77E-4AE4-4A5E-AC29-4C2693803F6E>.<34> summary for task success {transaction_duration_ms=438, response_status=200, connection=1, reused=1, reused_after_ms=0, request_start_ms=39, request_duration_ms=0, response_start_ms=307, response_duration_ms=0, request_bytes=48, request_throughput_kbps=694, response_bytes=3816, response_throughput_kbps=56419, cache_hit=false}
2026-09-29 16:18:39.022906+0000 0x19f55    Default     0x0                  40755  0    GitHubStore: (CFNetwork) [com.apple.CFNetwork:Default] Task <84061B39-A00E-41B0-A2D9-DB028B3566D1>.<32> response ended
2026-09-29 16:18:39.022964+0000 0x1a039    Default     0x0                  40755  0    GitHubStore: (CFNetwork) [com.apple.CFNetwork:Default] Task <A94CC77E-4AE4-4A5E-AC29-4C2693803F6E>.<34> finished successfully
2026-09-29 16:18:39.023087+0000 0x1a039    Default     0x0                  40755  0    GitHubStore: (CFNetwork) [com.apple.CFNetwork:Summary] Task <E28C40FA-DF5E-4AAB-9992-D37F6F6018CA>.<29> summary for task success {transaction_duration_ms=551, response_status=200, connection=1, reused=1, reused_after_ms=0, request_start_ms=110, request_duration_ms=2, response_start_ms=459, response_duration_ms=0, request_bytes=67, request_throughput_kbps=224, response_bytes=47171, response_throughput_kbps=490789, cache_hit=false}
2026-09-29 16:18:39.023133+0000 0x1a039    Default     0x0                  40755  0    GitHubStore: (CFNetwork) [com.apple.CFNetwork:Default] Task <E28C40FA-DF5E-4AAB-9992-D37F6F6018CA>.<29> finished successfully
2026-09-29 16:18:39.023674+0000 0x1a039    Default     0x0                  40755  0    GitHubStore: (CFNetwork) [com.apple.CFNetwork:Summary] Task <89C6CCA5-16DA-4BE6-BF11-AC1DA9E7C10D>.<15> summary for task success {transaction_duration_ms=861, response_status=200, connection=1, reused=1, reused_after_ms=0, request_start_ms=0, request_duration_ms=0, response_start_ms=421, response_duration_ms=14, request_bytes=49, request_throughput_kbps=3501, response_bytes=30578, response_throughput_kbps=16671, cache_hit=false}
2026-09-29 16:18:39.023720+0000 0x1a039    Default     0x0                  40755  0    GitHubStore: (CFNetwork) [com.apple.CFNetwork:Default] Task <89C6CCA5-16DA-4BE6-BF11-AC1DA9E7C10D>.<15> finished successfully
2026-09-29 16:18:39.023762+0000 0x1a039    Default     0x0                  40755  0    GitHubStore: (CFNetwork) [com.apple.CFNetwork:Summary] Task <7834ED23-B724-4559-8A89-9DB892571976>.<17> summary for task success {transaction_duration_ms=857, response_status=200, connection=1, reused=1, reused_after_ms=0, request_start_ms=0, request_duration_ms=0, response_start_ms=417, response_duration_ms=14, request_bytes=52, request_throughput_kbps=6122, response_bytes=16463, response_throughput_kbps=9042, cache_hit=false}
2026-09-29 16:18:39.023785+0000 0x1a039    Default     0x0                  40755  0    GitHubStore: (CFNetwork) [com.apple.CFNetwork:Default] Task <7834ED23-B724-4559-8A89-9DB892571976>.<17> finished successfully
2026-09-29 16:18:39.023813+0000 0x1a039    Default     0x0                  40755  0    GitHubStore: (CFNetwork) [com.apple.CFNetwork:Summary] Task <D6499706-97BD-43C8-987F-01BDCB9D5718>.<31> summary for task success {transaction_duration_ms=463, response_status=200, connection=1, reused=1, reused_after_ms=0, request_start_ms=22, request_duration_ms=2, response_start_ms=268, response_duration_ms=74, request_bytes=48, request_throughput_kbps=156, response_bytes=50885, response_throughput_kbps=5496, cache_hit=false}
2026-09-29 16:18:39.023834+0000 0x1a039    Default     0x0                  40755  0    GitHubStore: (CFNetwork) [com.apple.CFNetwork:Default] Task <D6499706-97BD-43C8-987F-01BDCB9D5718>.<31> finished successfully
2026-09-29 16:18:39.023886+0000 0x1a039    Default     0x0                  40755  0    GitHubStore: (CFNetwork) [com.apple.CFNetwork:Summary] Task <9417A587-935B-4F6F-AED1-C2C3BF815469>.<2> summary for task success {transaction_duration_ms=888, response_status=200, connection=1, reused=1, reused_after_ms=850, request_start_ms=2, request_duration_ms=0, response_start_ms=413, response_duration_ms=48, request_bytes=108, request_throughput_kbps=6799, response_bytes=81756, response_throughput_kbps=13515, cache_hit=false}
2026-09-29 16:18:39.023914+0000 0x1a04a    Default     0x0                  40755  0    GitHubStore: (Network) [com.apple.network:connection] [C1] event: client:connection_reused @4.413s
2026-09-29 16:18:39.023949+0000 0x1a039    Default     0x0                  40755  0    GitHubStore: (CFNetwork) [com.apple.CFNetwork:Default] Task <9417A587-935B-4F6F-AED1-C2C3BF815469>.<2> finished successfully
2026-09-29 16:18:39.024133+0000 0x1a039    Default     0x0                  40755  0    GitHubStore: (CFNetwork) [com.apple.CFNetwork:Summary] Task <43371757-1043-4961-B0D3-90CA6C0C71B5>.<14> summary for task success {transaction_duration_ms=867, response_status=200, connection=1, reused=1, reused_after_ms=0, request_start_ms=0, request_duration_ms=0, response_start_ms=427, response_duration_ms=14, request_bytes=59, request_throughput_kbps=5900, response_bytes=16513, response_throughput_kbps=9104, cache_hit=false}
2026-09-29 16:18:39.024203+0000 0x1a039    Default     0x0                  40755  0    GitHubStore: (CFNetwork) [com.apple.CFNetwork:Default] Task <43371757-1043-4961-B0D3-90CA6C0C71B5>.<14> finished successfully
2026-09-29 16:18:39.024268+0000 0x1a04a    Default     0x0                  40755  0    GitHubStore: (Network) [com.apple.network:connection] nw_protocol_socket_notify [C1.1.1.1:3] nw_protocol_notification_type_connection_idle is false
2026-09-29 16:18:39.025620+0000 0x1a04a    Default     0x0                  40755  0    GitHubStore: (CFNetwork) [com.apple.CFNetwork:Default] Task <653DDF9F-757C-4582-BECF-87DBFB6CFF38>.<35> now using Connection 1
2026-09-29 16:18:39.025915+0000 0x1a04a    Default     0x0                  40755  0    GitHubStore: (CFNetwork) [com.apple.CFNetwork:Default] Task <653DDF9F-757C-4582-BECF-87DBFB6CFF38>.<35> sent request, body N 0
2026-09-29 16:18:39.147901+0000 0x1a06f    Default     0x0                  40755  0    GitHubStore: (CFNetwork) [com.apple.CFNetwork:Default] Task <C2B5660F-B5E5-4466-9536-38EDA91AF192>.<37> resuming, timeouts(179769313486231570814527423731704356798070567525844996598917476803157260780028538760589558632766878171540458953514382464234321326889464182768467546703537516986049910576551282076245490090389328944075868508455133942304583236903222948165808559332123348274797826204144723168738177180919299881250404026184124858368.0, 604800.0) qos(0x15) voucher((null)) activity(00000000-0000-0000-0000-000000000000)
2026-09-29 16:18:39.149587+0000 0x1a075    Default     0x0                  40755  0    GitHubStore: (CFNetwork) [com.apple.CFNetwork:Default] Task <7FCBA240-EFF3-4C88-8BD8-6D23690FB9BC>.<36> resuming, timeouts(179769313486231570814527423731704356798070567525844996598917476803157260780028538760589558632766878171540458953514382464234321326889464182768467546703537516986049910576551282076245490090389328944075868508455133942304583236903222948165808559332123348274797826204144723168738177180919299881250404026184124858368.0, 604800.0) qos(0x15) voucher((null)) activity(00000000-0000-0000-0000-000000000000)
2026-09-29 16:18:39.185508+0000 0x1a047    Default     0x0                  40755  0    GitHubStore: (CFNetwork) [com.apple.CFNetwork:Summary] Task <58512411-9E06-4535-999A-B259533C32D1>.<30> summary for task success {transaction_duration_ms=649, response_status=200, connection=1, reused=1, reused_after_ms=0, request_start_ms=46, request_duration_ms=2, response_start_ms=363, response_duration_ms=2, request_bytes=49, request_throughput_kbps=161, response_bytes=117405, response_throughput_kbps=314226, cache_hit=false}
2026-09-29 16:18:39.185756+0000 0x1a047    Default     0x0                  40755  0    GitHubStore: (CFNetwork) [com.apple.CFNetwork:Default] Task <58512411-9E06-4535-999A-B259533C32D1>.<30> finished successfully
2026-09-29 16:18:39.185857+0000 0x1a047    Default     0x0                  40755  0    GitHubStore: (CFNetwork) [com.apple.CFNetwork:Summary] Task <CBBC7338-C326-4FA5-93AD-32C9413E5467>.<22> summary for task success {transaction_duration_ms=1006, response_status=200, connection=1, reused=1, reused_after_ms=0, request_start_ms=1, request_duration_ms=0, response_start_ms=451, response_duration_ms=71, request_bytes=53, request_throughput_kbps=3787, response_bytes=57592, response_throughput_kbps=6430, cache_hit=false}
2026-09-29 16:18:39.186033+0000 0x1a047    Default     0x0                  40755  0    GitHubStore: (CFNetwork) [com.apple.CFNetwork:Default] Task <CBBC7338-C326-4FA5-93AD-32C9413E5467>.<22> finished successfully
2026-09-29 16:18:39.186277+0000 0x1a047    Default     0x0                  40755  0    GitHubStore: (CFNetwork) [com.apple.CFNetwork:Summary] Task <C2DAC765-0045-49D8-85ED-8E1BF20FDABA>.<4> summary for task success {transaction_duration_ms=1050, response_status=200, connection=1, reused=1, reused_after_ms=0, request_start_ms=2, request_duration_ms=2, response_start_ms=448, response_duration_ms=16, request_bytes=53, request_throughput_kbps=184, response_bytes=57990, response_throughput_kbps=27525, cache_hit=false}
2026-09-29 16:18:39.186384+0000 0x1a047    Default     0x0                  40755  0    GitHubStore: (CFNetwork) [com.apple.CFNetwork:Default] Task <C2DAC765-0045-49D8-85ED-8E1BF20FDABA>.<4> finished successfully
2026-09-29 16:18:39.186445+0000 0x1a047    Default     0x0                  40755  0    GitHubStore: (CFNetwork) [com.apple.CFNetwork:Summary] Task <C36B5FC9-DC4B-4B1E-9317-6375FD73A6B0>.<27> summary for task success {transaction_duration_ms=842, response_status=200, connection=1, reused=1, reused_after_ms=0, request_start_ms=2, request_duration_ms=0, response_start_ms=240, response_duration_ms=17, request_bytes=54, request_throughput_kbps=3040, response_bytes=11720, response_throughput_kbps=5399, cache_hit=false}
2026-09-29 16:18:39.186477+0000 0x1a047    Default     0x0                  40755  0    GitHubStore: (CFNetwork) [com.apple.CFNetwork:Default] Task <C36B5FC9-DC4B-4B1E-9317-6375FD73A6B0>.<27> finished successfully
2026-09-29 16:18:39.186641+0000 0x1a047    Default     0x0                  40755  0    GitHubStore: (CFNetwork) [com.apple.CFNetwork:Summary] Task <53AD1065-9C5E-4E0C-87F9-DA04AA4926A1>.<24> summary for task success {transaction_duration_ms=1000, response_status=200, connection=1, reused=1, reused_after_ms=0, request_start_ms=0, request_duration_ms=0, response_start_ms=437, response_duration_ms=5, request_bytes=59, request_throughput_kbps=2483, response_bytes=3930, response_throughput_kbps=5474, cache_hit=false}
2026-09-29 16:18:39.186802+0000 0x1a047    Default     0x0                  40755  0    GitHubStore: (CFNetwork) [com.apple.CFNetwork:Default] Task <53AD1065-9C5E-4E0C-87F9-DA04AA4926A1>.<24> finished successfully
2026-09-29 16:18:39.186950+0000 0x1a047    Default     0x0                  40755  0    GitHubStore: (CFNetwork) [com.apple.CFNetwork:Summary] Task <615FDEFB-513B-4595-B59D-48D8C43BF476>.<13> summary for task success {transaction_duration_ms=1033, response_status=200, connection=1, reused=1, reused_after_ms=0, request_start_ms=0, request_duration_ms=0, response_start_ms=430, response_duration_ms=17, request_bytes=53, request_throughput_kbps=5967, response_bytes=34224, response_throughput_kbps=15891, cache_hit=false}
2026-09-29 16:18:39.186976+0000 0x1a047    Default     0x0                  40755  0    GitHubStore: (CFNetwork) [com.apple.CFNetwork:Default] Task <615FDEFB-513B-4595-B59D-48D8C43BF476>.<13> finished successfully
2026-09-29 16:18:39.187499+0000 0x19f7e    Default     0x0                  40755  0    GitHubStore: (CFNetwork) [com.apple.CFNetwork:Default] Task <7FCBA240-EFF3-4C88-8BD8-6D23690FB9BC>.<36> now using Connection 1
2026-09-29 16:18:39.187792+0000 0x19f7e    Default     0x0                  40755  0    GitHubStore: (CFNetwork) [com.apple.CFNetwork:Default] Task <C2B5660F-B5E5-4466-9536-38EDA91AF192>.<37> now using Connection 1
2026-09-29 16:18:39.188072+0000 0x19f7e    Default     0x0                  40755  0    GitHubStore: (CFNetwork) [com.apple.CFNetwork:Default] Task <7FCBA240-EFF3-4C88-8BD8-6D23690FB9BC>.<36> sent request, body N 0
2026-09-29 16:18:39.188186+0000 0x19f7e    Default     0x0                  40755  0    GitHubStore: (CFNetwork) [com.apple.CFNetwork:Default] Task <C2B5660F-B5E5-4466-9536-38EDA91AF192>.<37> sent request, body N 0
2026-09-29 16:18:39.451102+0000 0x1a05f    Default     0x0                  40755  0    GitHubStore: (CFNetwork) [com.apple.CFNetwork:Default] Task <653DDF9F-757C-4582-BECF-87DBFB6CFF38>.<35> received response, status 200 content U
2026-09-29 16:18:39.451522+0000 0x1a05f    Default     0x0                  40755  0    GitHubStore: (CFNetwork) [com.apple.CFNetwork:Default] Task <653DDF9F-757C-4582-BECF-87DBFB6CFF38>.<35> done using Connection 1
2026-09-29 16:18:39.452936+0000 0x1a05f    Default     0x0                  40755  0    GitHubStore: (CFNetwork) [com.apple.CFNetwork:Default] Task <653DDF9F-757C-4582-BECF-87DBFB6CFF38>.<35> response ended
2026-09-29 16:18:39.472817+0000 0x1a078    Default     0x0                  40755  0    GitHubStore: (CFNetwork) [com.apple.CFNetwork:Default] Task <EAFA388C-247B-4196-AA06-964E56F3D3FA>.<39> resuming, timeouts(179769313486231570814527423731704356798070567525844996598917476803157260780028538760589558632766878171540458953514382464234321326889464182768467546703537516986049910576551282076245490090389328944075868508455133942304583236903222948165808559332123348274797826204144723168738177180919299881250404026184124858368.0, 604800.0) qos(0x15) voucher((null)) activity(00000000-0000-0000-0000-000000000000)
2026-09-29 16:18:39.488336+0000 0x1a05f    Default     0x0                  40755  0    GitHubStore: (CFNetwork) [com.apple.CFNetwork:Default] Task <7FCBA240-EFF3-4C88-8BD8-6D23690FB9BC>.<36> received response, status 200 content U
2026-09-29 16:18:39.488405+0000 0x1a05f    Default     0x0                  40755  0    GitHubStore: (CFNetwork) [com.apple.CFNetwork:Default] Task <7FCBA240-EFF3-4C88-8BD8-6D23690FB9BC>.<36> done using Connection 1
2026-09-29 16:18:39.488655+0000 0x1a05f    Default     0x0                  40755  0    GitHubStore: (CFNetwork) [com.apple.CFNetwork:Default] Task <7FCBA240-EFF3-4C88-8BD8-6D23690FB9BC>.<36> response ended
2026-09-29 16:18:39.496708+0000 0x1a074    Default     0x0                  40755  0    GitHubStore: (CFNetwork) [com.apple.CFNetwork:Default] Task <95A96772-8258-49F2-AB5F-1E8B341691D2>.<38> resuming, timeouts(179769313486231570814527423731704356798070567525844996598917476803157260780028538760589558632766878171540458953514382464234321326889464182768467546703537516986049910576551282076245490090389328944075868508455133942304583236903222948165808559332123348274797826204144723168738177180919299881250404026184124858368.0, 604800.0) qos(0x15) voucher((null)) activity(00000000-0000-0000-0000-000000000000)
2026-09-29 16:18:39.515459+0000 0x1a060    Default     0x0                  40755  0    GitHubStore: (CFNetwork) [com.apple.CFNetwork:Summary] Task <84061B39-A00E-41B0-A2D9-DB028B3566D1>.<32> summary for task success {transaction_duration_ms=959, response_status=200, connection=1, reused=1, reused_after_ms=0, request_start_ms=26, request_duration_ms=2, response_start_ms=414, response_duration_ms=52, request_bytes=50, request_throughput_kbps=163, response_bytes=70137, response_throughput_kbps=10695, cache_hit=false}
2026-09-29 16:18:39.523414+0000 0x1a060    Default     0x0                  40755  0    GitHubStore: (CFNetwork) [com.apple.CFNetwork:Default] Task <84061B39-A00E-41B0-A2D9-DB028B3566D1>.<32> finished successfully
2026-09-29 16:18:39.523609+0000 0x1a060    Default     0x0                  40755  0    GitHubStore: (CFNetwork) [com.apple.CFNetwork:Summary] Task <1844E042-B038-420F-BC90-8016FE9ECBB9>.<21> summary for task success {transaction_duration_ms=1344, response_status=200, connection=1, reused=1, reused_after_ms=0, request_start_ms=1, request_duration_ms=0, response_start_ms=404, response_duration_ms=17, request_bytes=53, request_throughput_kbps=4159, response_bytes=8593, response_throughput_kbps=4039, cache_hit=false}
2026-09-29 16:18:39.523670+0000 0x1a060    Default     0x0                  40755  0    GitHubStore: (CFNetwork) [com.apple.CFNetwork:Default] Task <1844E042-B038-420F-BC90-8016FE9ECBB9>.<21> finished successfully
2026-09-29 16:18:39.525637+0000 0x1a05f    Default     0x0                  40755  0    GitHubStore: (CFNetwork) [com.apple.CFNetwork:Default] Task <EAFA388C-247B-4196-AA06-964E56F3D3FA>.<39> now using Connection 1
2026-09-29 16:18:39.526944+0000 0x1a05f    Default     0x0                  40755  0    GitHubStore: (CFNetwork) [com.apple.CFNetwork:Default] Task <95A96772-8258-49F2-AB5F-1E8B341691D2>.<38> now using Connection 1
2026-09-29 16:18:39.527239+0000 0x1a05f    Default     0x0                  40755  0    GitHubStore: (CFNetwork) [com.apple.CFNetwork:Default] Task <EAFA388C-247B-4196-AA06-964E56F3D3FA>.<39> sent request, body N 0
2026-09-29 16:18:39.527486+0000 0x1a05f    Default     0x0                  40755  0    GitHubStore: (CFNetwork) [com.apple.CFNetwork:Default] Task <95A96772-8258-49F2-AB5F-1E8B341691D2>.<38> sent request, body N 0
2026-09-29 16:18:39.550300+0000 0x1a038    Default     0x0                  40755  0    GitHubStore: (CFNetwork) [com.apple.CFNetwork:Default] Task <C2B5660F-B5E5-4466-9536-38EDA91AF192>.<37> received response, status 200 content U
2026-09-29 16:18:39.550383+0000 0x1a038    Default     0x0                  40755  0    GitHubStore: (CFNetwork) [com.apple.CFNetwork:Default] Task <C2B5660F-B5E5-4466-9536-38EDA91AF192>.<37> done using Connection 1
2026-09-29 16:18:39.551155+0000 0x1a038    Default     0x0                  40755  0    GitHubStore: (CFNetwork) [com.apple.CFNetwork:Default] Task <C2B5660F-B5E5-4466-9536-38EDA91AF192>.<37> response ended
2026-09-29 16:18:39.750692+0000 0x1a03a    Default     0x0                  40755  0    GitHubStore: (CFNetwork) [com.apple.CFNetwork:Default] Task <EAFA388C-247B-4196-AA06-964E56F3D3FA>.<39> received response, status 200 content U
2026-09-29 16:18:39.750738+0000 0x1a03a    Default     0x0                  40755  0    GitHubStore: (CFNetwork) [com.apple.CFNetwork:Default] Task <EAFA388C-247B-4196-AA06-964E56F3D3FA>.<39> done using Connection 1
2026-09-29 16:18:39.750858+0000 0x1a03a    Default     0x0                  40755  0    GitHubStore: (CFNetwork) [com.apple.CFNetwork:Default] Task <EAFA388C-247B-4196-AA06-964E56F3D3FA>.<39> response ended
2026-09-29 16:18:39.786129+0000 0x1a071    Default     0x0                  40755  0    GitHubStore: (CFNetwork) [com.apple.CFNetwork:Default] Task <A92F49CA-0BBA-4401-A3A3-09E8B15C5528>.<41> resuming, timeouts(179769313486231570814527423731704356798070567525844996598917476803157260780028538760589558632766878171540458953514382464234321326889464182768467546703537516986049910576551282076245490090389328944075868508455133942304583236903222948165808559332123348274797826204144723168738177180919299881250404026184124858368.0, 604800.0) qos(0x15) voucher((null)) activity(00000000-0000-0000-0000-000000000000)
2026-09-29 16:18:39.786170+0000 0x1a068    Default     0x0                  40755  0    GitHubStore: (CFNetwork) [com.apple.CFNetwork:Default] Task <34162272-44A2-47AC-983F-8B2058BEDCEB>.<40> resuming, timeouts(179769313486231570814527423731704356798070567525844996598917476803157260780028538760589558632766878171540458953514382464234321326889464182768467546703537516986049910576551282076245490090389328944075868508455133942304583236903222948165808559332123348274797826204144723168738177180919299881250404026184124858368.0, 604800.0) qos(0x15) voucher((null)) activity(00000000-0000-0000-0000-000000000000)
2026-09-29 16:18:39.818199+0000 0x1a070    Default     0x0                  40755  0    GitHubStore: (CFNetwork) [com.apple.CFNetwork:Default] Task <6B047EF3-FE08-4E93-8FD4-0321958BB1BB>.<42> resuming, timeouts(179769313486231570814527423731704356798070567525844996598917476803157260780028538760589558632766878171540458953514382464234321326889464182768467546703537516986049910576551282076245490090389328944075868508455133942304583236903222948165808559332123348274797826204144723168738177180919299881250404026184124858368.0, 604800.0) qos(0x15) voucher((null)) activity(00000000-0000-0000-0000-000000000000)
2026-09-29 16:18:39.818656+0000 0x1a069    Default     0x0                  40755  0    GitHubStore: (CFNetwork) [com.apple.CFNetwork:Default] Task <990EA02F-FFD1-4874-B046-E27E6D5C49BC>.<44> resuming, timeouts(179769313486231570814527423731704356798070567525844996598917476803157260780028538760589558632766878171540458953514382464234321326889464182768467546703537516986049910576551282076245490090389328944075868508455133942304583236903222948165808559332123348274797826204144723168738177180919299881250404026184124858368.0, 604800.0) qos(0x15) voucher((null)) activity(00000000-0000-0000-0000-000000000000)
2026-09-29 16:18:39.818868+0000 0x1a06a    Default     0x0                  40755  0    GitHubStore: (CFNetwork) [com.apple.CFNetwork:Default] Task <826FD1FF-F6F5-479E-8842-182B6E880ED3>.<45> resuming, timeouts(179769313486231570814527423731704356798070567525844996598917476803157260780028538760589558632766878171540458953514382464234321326889464182768467546703537516986049910576551282076245490090389328944075868508455133942304583236903222948165808559332123348274797826204144723168738177180919299881250404026184124858368.0, 604800.0) qos(0x15) voucher((null)) activity(00000000-0000-0000-0000-000000000000)
2026-09-29 16:18:39.819046+0000 0x19f6b    Default     0x0                  40755  0    GitHubStore: (CFNetwork) [com.apple.CFNetwork:Default] Task <EF0E4A73-3FA2-4C82-8CA2-F0C9370B31AB>.<46> resuming, timeouts(179769313486231570814527423731704356798070567525844996598917476803157260780028538760589558632766878171540458953514382464234321326889464182768467546703537516986049910576551282076245490090389328944075868508455133942304583236903222948165808559332123348274797826204144723168738177180919299881250404026184124858368.0, 604800.0) qos(0x15) voucher((null)) activity(00000000-0000-0000-0000-000000000000)
2026-09-29 16:18:39.839261+0000 0x19f73    Default     0x0                  40755  0    GitHubStore: (CFNetwork) [com.apple.CFNetwork:Default] Task <A13EA658-7E56-4A34-B8F3-027324AC2D2D>.<47> resuming, timeouts(179769313486231570814527423731704356798070567525844996598917476803157260780028538760589558632766878171540458953514382464234321326889464182768467546703537516986049910576551282076245490090389328944075868508455133942304583236903222948165808559332123348274797826204144723168738177180919299881250404026184124858368.0, 604800.0) qos(0x15) voucher((null)) activity(00000000-0000-0000-0000-000000000000)
2026-09-29 16:18:39.839340+0000 0x1a073    Default     0x0                  40755  0    GitHubStore: (CFNetwork) [com.apple.CFNetwork:Default] Task <1D7C83A0-C8D4-4724-812A-EF48F4FFC46A>.<43> resuming, timeouts(179769313486231570814527423731704356798070567525844996598917476803157260780028538760589558632766878171540458953514382464234321326889464182768467546703537516986049910576551282076245490090389328944075868508455133942304583236903222948165808559332123348274797826204144723168738177180919299881250404026184124858368.0, 604800.0) qos(0x15) voucher((null)) activity(00000000-0000-0000-0000-000000000000)
2026-09-29 16:18:39.839973+0000 0x1a06e    Default     0x0                  40755  0    GitHubStore: (CFNetwork) [com.apple.CFNetwork:Default] Task <839D0F48-ED50-4F20-8373-BA10246B448E>.<48> resuming, timeouts(179769313486231570814527423731704356798070567525844996598917476803157260780028538760589558632766878171540458953514382464234321326889464182768467546703537516986049910576551282076245490090389328944075868508455133942304583236903222948165808559332123348274797826204144723168738177180919299881250404026184124858368.0, 604800.0) qos(0x15) voucher((null)) activity(00000000-0000-0000-0000-000000000000)
2026-09-29 16:18:39.840293+0000 0x1a074    Default     0x0                  40755  0    GitHubStore: (CFNetwork) [com.apple.CFNetwork:Default] Task <252868C3-0146-4473-9737-85F16255431D>.<49> resuming, timeouts(179769313486231570814527423731704356798070567525844996598917476803157260780028538760589558632766878171540458953514382464234321326889464182768467546703537516986049910576551282076245490090389328944075868508455133942304583236903222948165808559332123348274797826204144723168738177180919299881250404026184124858368.0, 604800.0) qos(0x15) voucher((null)) activity(00000000-0000-0000-0000-000000000000)
2026-09-29 16:18:39.850797+0000 0x19f74    Default     0x0                  40755  0    GitHubStore: (CFNetwork) [com.apple.CFNetwork:Default] Task <70AB5F62-2E37-4065-B408-7DCECA44E2C1>.<50> resuming, timeouts(179769313486231570814527423731704356798070567525844996598917476803157260780028538760589558632766878171540458953514382464234321326889464182768467546703537516986049910576551282076245490090389328944075868508455133942304583236903222948165808559332123348274797826204144723168738177180919299881250404026184124858368.0, 604800.0) qos(0x15) voucher((null)) activity(00000000-0000-0000-0000-000000000000)
2026-09-29 16:18:39.853249+0000 0x1a047    Default     0x0                  40755  0    GitHubStore: (CFNetwork) [com.apple.CFNetwork:Summary] Task <653DDF9F-757C-4582-BECF-87DBFB6CFF38>.<35> summary for task success {transaction_duration_ms=829, response_status=200, connection=1, reused=1, reused_after_ms=2, request_start_ms=2, request_duration_ms=0, response_start_ms=427, response_duration_ms=35, request_bytes=52, request_throughput_kbps=3152, response_bytes=75465, response_throughput_kbps=17011, cache_hit=false}
2026-09-29 16:18:39.853513+0000 0x1a047    Default     0x0                  40755  0    GitHubStore: (CFNetwork) [com.apple.CFNetwork:Default] Task <653DDF9F-757C-4582-BECF-87DBFB6CFF38>.<35> finished successfully
2026-09-29 16:18:39.855597+0000 0x1a047    Default     0x0                  40755  0    GitHubStore: (CFNetwork) [com.apple.CFNetwork:Summary] Task <7FCBA240-EFF3-4C88-8BD8-6D23690FB9BC>.<36> summary for task success {transaction_duration_ms=670, response_status=200, connection=1, reused=1, reused_after_ms=0, request_start_ms=2, request_duration_ms=0, response_start_ms=303, response_duration_ms=34, request_bytes=63, request_throughput_kbps=2090, response_bytes=18774, response_throughput_kbps=4299, cache_hit=false}
2026-09-29 16:18:39.855699+0000 0x1a047    Default     0x0                  40755  0    GitHubStore: (CFNetwork) [com.apple.CFNetwork:Default] Task <7FCBA240-EFF3-4C88-8BD8-6D23690FB9BC>.<36> finished successfully
2026-09-29 16:18:39.855974+0000 0x1a047    Default     0x0                  40755  0    GitHubStore: (CFNetwork) [com.apple.CFNetwork:Summary] Task <EAFA388C-247B-4196-AA06-964E56F3D3FA>.<39> summary for task success {transaction_duration_ms=341, response_status=200, connection=1, reused=1, reused_after_ms=0, request_start_ms=12, request_duration_ms=0, response_start_ms=235, response_duration_ms=0, request_bytes=58, request_throughput_kbps=3312, response_bytes=5252, response_throughput_kbps=178730, cache_hit=false}
2026-09-29 16:18:39.856482+0000 0x1a047    Default     0x0                  40755  0    GitHubStore: (CFNetwork) [com.apple.CFNetwork:Default] Task <EAFA388C-247B-4196-AA06-964E56F3D3FA>.<39> finished successfully
2026-09-29 16:18:39.859981+0000 0x19f57    Default     0x0                  40755  0    GitHubStore: (CFNetwork) [com.apple.CFNetwork:Default] Task <34162272-44A2-47AC-983F-8B2058BEDCEB>.<40> now using Connection 1
2026-09-29 16:18:39.860226+0000 0x1a075    Default     0x0                  40755  0    GitHubStore: (CFNetwork) [com.apple.CFNetwork:Default] Task <277D75F5-02B7-43FF-91A8-255B238B55ED>.<51> resuming, timeouts(179769313486231570814527423731704356798070567525844996598917476803157260780028538760589558632766878171540458953514382464234321326889464182768467546703537516986049910576551282076245490090389328944075868508455133942304583236903222948165808559332123348274797826204144723168738177180919299881250404026184124858368.0, 604800.0) qos(0x15) voucher((null)) activity(00000000-0000-0000-0000-000000000000)
2026-09-29 16:18:39.862264+0000 0x19f57    Default     0x0                  40755  0    GitHubStore: (CFNetwork) [com.apple.CFNetwork:Default] Task <A92F49CA-0BBA-4401-A3A3-09E8B15C5528>.<41> now using Connection 1
2026-09-29 16:18:39.862445+0000 0x19f57    Default     0x0                  40755  0    GitHubStore: (CFNetwork) [com.apple.CFNetwork:Default] Task <6B047EF3-FE08-4E93-8FD4-0321958BB1BB>.<42> now using Connection 1
2026-09-29 16:18:39.862613+0000 0x19f57    Default     0x0                  40755  0    GitHubStore: (CFNetwork) [com.apple.CFNetwork:Default] Task <990EA02F-FFD1-4874-B046-E27E6D5C49BC>.<44> now using Connection 1
2026-09-29 16:18:39.862831+0000 0x19f57    Default     0x0                  40755  0    GitHubStore: (CFNetwork) [com.apple.CFNetwork:Default] Task <826FD1FF-F6F5-479E-8842-182B6E880ED3>.<45> now using Connection 1
2026-09-29 16:18:39.863209+0000 0x19f57    Default     0x0                  40755  0    GitHubStore: (CFNetwork) [com.apple.CFNetwork:Default] Task <EF0E4A73-3FA2-4C82-8CA2-F0C9370B31AB>.<46> now using Connection 1
2026-09-29 16:18:39.863320+0000 0x19f57    Default     0x0                  40755  0    GitHubStore: (CFNetwork) [com.apple.CFNetwork:Default] Task <A13EA658-7E56-4A34-B8F3-027324AC2D2D>.<47> now using Connection 1
2026-09-29 16:18:39.863381+0000 0x19f57    Default     0x0                  40755  0    GitHubStore: (CFNetwork) [com.apple.CFNetwork:Default] Task <1D7C83A0-C8D4-4724-812A-EF48F4FFC46A>.<43> now using Connection 1
2026-09-29 16:18:39.863433+0000 0x19f57    Default     0x0                  40755  0    GitHubStore: (CFNetwork) [com.apple.CFNetwork:Default] Task <839D0F48-ED50-4F20-8373-BA10246B448E>.<48> now using Connection 1
2026-09-29 16:18:39.863611+0000 0x19f57    Default     0x0                  40755  0    GitHubStore: (CFNetwork) [com.apple.CFNetwork:Default] Task <252868C3-0146-4473-9737-85F16255431D>.<49> now using Connection 1
2026-09-29 16:18:39.863807+0000 0x19f57    Default     0x0                  40755  0    GitHubStore: (CFNetwork) [com.apple.CFNetwork:Default] Task <70AB5F62-2E37-4065-B408-7DCECA44E2C1>.<50> now using Connection 1
2026-09-29 16:18:39.863852+0000 0x19f57    Default     0x0                  40755  0    GitHubStore: (CFNetwork) [com.apple.CFNetwork:Default] Task <277D75F5-02B7-43FF-91A8-255B238B55ED>.<51> now using Connection 1
2026-09-29 16:18:39.864059+0000 0x19f57    Default     0x0                  40755  0    GitHubStore: (CFNetwork) [com.apple.CFNetwork:Default] Task <34162272-44A2-47AC-983F-8B2058BEDCEB>.<40> sent request, body N 0
2026-09-29 16:18:39.864072+0000 0x19f57    Default     0x0                  40755  0    GitHubStore: (CFNetwork) [com.apple.CFNetwork:Default] Task <A92F49CA-0BBA-4401-A3A3-09E8B15C5528>.<41> sent request, body N 0
2026-09-29 16:18:39.864077+0000 0x19f57    Default     0x0                  40755  0    GitHubStore: (CFNetwork) [com.apple.CFNetwork:Default] Task <6B047EF3-FE08-4E93-8FD4-0321958BB1BB>.<42> sent request, body N 0
2026-09-29 16:18:39.864083+0000 0x19f57    Default     0x0                  40755  0    GitHubStore: (CFNetwork) [com.apple.CFNetwork:Default] Task <990EA02F-FFD1-4874-B046-E27E6D5C49BC>.<44> sent request, body N 0
2026-09-29 16:18:39.864088+0000 0x19f57    Default     0x0                  40755  0    GitHubStore: (CFNetwork) [com.apple.CFNetwork:Default] Task <826FD1FF-F6F5-479E-8842-182B6E880ED3>.<45> sent request, body N 0
2026-09-29 16:18:39.864093+0000 0x19f57    Default     0x0                  40755  0    GitHubStore: (CFNetwork) [com.apple.CFNetwork:Default] Task <EF0E4A73-3FA2-4C82-8CA2-F0C9370B31AB>.<46> sent request, body N 0
2026-09-29 16:18:39.864098+0000 0x19f57    Default     0x0                  40755  0    GitHubStore: (CFNetwork) [com.apple.CFNetwork:Default] Task <A13EA658-7E56-4A34-B8F3-027324AC2D2D>.<47> sent request, body N 0
2026-09-29 16:18:39.864150+0000 0x19f57    Default     0x0                  40755  0    GitHubStore: (CFNetwork) [com.apple.CFNetwork:Default] Task <1D7C83A0-C8D4-4724-812A-EF48F4FFC46A>.<43> sent request, body N 0
2026-09-29 16:18:39.864317+0000 0x19f57    Default     0x0                  40755  0    GitHubStore: (CFNetwork) [com.apple.CFNetwork:Default] Task <839D0F48-ED50-4F20-8373-BA10246B448E>.<48> sent request, body N 0
2026-09-29 16:18:39.864437+0000 0x19f57    Default     0x0                  40755  0    GitHubStore: (CFNetwork) [com.apple.CFNetwork:Default] Task <252868C3-0146-4473-9737-85F16255431D>.<49> sent request, body N 0
2026-09-29 16:18:39.864491+0000 0x19f57    Default     0x0                  40755  0    GitHubStore: (CFNetwork) [com.apple.CFNetwork:Default] Task <70AB5F62-2E37-4065-B408-7DCECA44E2C1>.<50> sent request, body N 0
2026-09-29 16:18:39.864635+0000 0x19f57    Default     0x0                  40755  0    GitHubStore: (CFNetwork) [com.apple.CFNetwork:Default] Task <277D75F5-02B7-43FF-91A8-255B238B55ED>.<51> sent request, body N 0
2026-09-29 16:18:39.927190+0000 0x19f57    Default     0x0                  40755  0    GitHubStore: (CFNetwork) [com.apple.CFNetwork:Default] Task <95A96772-8258-49F2-AB5F-1E8B341691D2>.<38> received response, status 200 content U
2026-09-29 16:18:39.929004+0000 0x1a040    Default     0x0                  40755  0    GitHubStore: (CFNetwork) [com.apple.CFNetwork:Default] Task <95A96772-8258-49F2-AB5F-1E8B341691D2>.<38> done using Connection 1
2026-09-29 16:18:39.930038+0000 0x1a040    Default     0x0                  40755  0    GitHubStore: (CFNetwork) [com.apple.CFNetwork:Default] Task <95A96772-8258-49F2-AB5F-1E8B341691D2>.<38> response ended
2026-09-29 16:18:40.067050+0000 0x1a042    Default     0x0                  40755  0    GitHubStore: (CFNetwork) [com.apple.CFNetwork:Default] Task <A13EA658-7E56-4A34-B8F3-027324AC2D2D>.<47> received response, status 200 content U
2026-09-29 16:18:40.067166+0000 0x1a042    Default     0x0                  40755  0    GitHubStore: (CFNetwork) [com.apple.CFNetwork:Default] Task <A13EA658-7E56-4A34-B8F3-027324AC2D2D>.<47> done using Connection 1
2026-09-29 16:18:40.067494+0000 0x1a042    Default     0x0                  40755  0    GitHubStore: (CFNetwork) [com.apple.CFNetwork:Default] Task <A13EA658-7E56-4A34-B8F3-027324AC2D2D>.<47> response ended
2026-09-29 16:18:40.075324+0000 0x1a040    Default     0x0                  40755  0    GitHubStore: (CFNetwork) [com.apple.CFNetwork:Default] Task <277D75F5-02B7-43FF-91A8-255B238B55ED>.<51> received response, status 200 content K
2026-09-29 16:18:40.075367+0000 0x1a040    Default     0x0                  40755  0    GitHubStore: (CFNetwork) [com.apple.CFNetwork:Default] Task <277D75F5-02B7-43FF-91A8-255B238B55ED>.<51> done using Connection 1
2026-09-29 16:18:40.075471+0000 0x1a040    Default     0x0                  40755  0    GitHubStore: (CFNetwork) [com.apple.CFNetwork:Default] Task <277D75F5-02B7-43FF-91A8-255B238B55ED>.<51> response ended
2026-09-29 16:18:40.082621+0000 0x1a039    Default     0x0                  40755  0    GitHubStore: (CFNetwork) [com.apple.CFNetwork:Default] Task <EF0E4A73-3FA2-4C82-8CA2-F0C9370B31AB>.<46> received response, status 200 content U
2026-09-29 16:18:40.082678+0000 0x1a039    Default     0x0                  40755  0    GitHubStore: (CFNetwork) [com.apple.CFNetwork:Default] Task <EF0E4A73-3FA2-4C82-8CA2-F0C9370B31AB>.<46> done using Connection 1
2026-09-29 16:18:40.082828+0000 0x1a039    Default     0x0                  40755  0    GitHubStore: (CFNetwork) [com.apple.CFNetwork:Default] Task <EF0E4A73-3FA2-4C82-8CA2-F0C9370B31AB>.<46> response ended
2026-09-29 16:18:40.085013+0000 0x1a060    Default     0x0                  40755  0    GitHubStore: (CFNetwork) [com.apple.CFNetwork:Default] Task <252868C3-0146-4473-9737-85F16255431D>.<49> received response, status 200 content U
2026-09-29 16:18:40.085482+0000 0x1a060    Default     0x0                  40755  0    GitHubStore: (CFNetwork) [com.apple.CFNetwork:Default] Task <252868C3-0146-4473-9737-85F16255431D>.<49> done using Connection 1
2026-09-29 16:18:40.086022+0000 0x1a060    Default     0x0                  40755  0    GitHubStore: (CFNetwork) [com.apple.CFNetwork:Default] Task <252868C3-0146-4473-9737-85F16255431D>.<49> response ended
2026-09-29 16:18:40.104964+0000 0x19f7e    Default     0x0                  40755  0    GitHubStore: (CFNetwork) [com.apple.CFNetwork:Default] Task <839D0F48-ED50-4F20-8373-BA10246B448E>.<48> received response, status 200 content U
2026-09-29 16:18:40.105036+0000 0x19f7e    Default     0x0                  40755  0    GitHubStore: (CFNetwork) [com.apple.CFNetwork:Default] Task <839D0F48-ED50-4F20-8373-BA10246B448E>.<48> done using Connection 1
2026-09-29 16:18:40.105149+0000 0x19f7e    Default     0x0                  40755  0    GitHubStore: (CFNetwork) [com.apple.CFNetwork:Default] Task <839D0F48-ED50-4F20-8373-BA10246B448E>.<48> response ended
2026-09-29 16:18:40.108997+0000 0x1a060    Default     0x0                  40755  0    GitHubStore: (CFNetwork) [com.apple.CFNetwork:Default] Task <A92F49CA-0BBA-4401-A3A3-09E8B15C5528>.<41> received response, status 200 content U
2026-09-29 16:18:40.109081+0000 0x1a060    Default     0x0                  40755  0    GitHubStore: (CFNetwork) [com.apple.CFNetwork:Default] Task <1D7C83A0-C8D4-4724-812A-EF48F4FFC46A>.<43> received response, status 200 content U
2026-09-29 16:18:40.109111+0000 0x1a060    Default     0x0                  40755  0    GitHubStore: (CFNetwork) [com.apple.CFNetwork:Default] Task <A92F49CA-0BBA-4401-A3A3-09E8B15C5528>.<41> done using Connection 1
2026-09-29 16:18:40.109130+0000 0x1a060    Default     0x0                  40755  0    GitHubStore: (CFNetwork) [com.apple.CFNetwork:Default] Task <1D7C83A0-C8D4-4724-812A-EF48F4FFC46A>.<43> done using Connection 1
2026-09-29 16:18:40.109316+0000 0x1a060    Default     0x0                  40755  0    GitHubStore: (CFNetwork) [com.apple.CFNetwork:Default] Task <A92F49CA-0BBA-4401-A3A3-09E8B15C5528>.<41> response ended
2026-09-29 16:18:40.109343+0000 0x1a060    Default     0x0                  40755  0    GitHubStore: (CFNetwork) [com.apple.CFNetwork:Default] Task <1D7C83A0-C8D4-4724-812A-EF48F4FFC46A>.<43> response ended
2026-09-29 16:18:40.185453+0000 0x1a047    Default     0x0                  40755  0    GitHubStore: (CFNetwork) [com.apple.CFNetwork:Default] Task <6B047EF3-FE08-4E93-8FD4-0321958BB1BB>.<42> received response, status 200 content U
2026-09-29 16:18:40.185603+0000 0x1a047    Default     0x0                  40755  0    GitHubStore: (CFNetwork) [com.apple.CFNetwork:Default] Task <6B047EF3-FE08-4E93-8FD4-0321958BB1BB>.<42> done using Connection 1
2026-09-29 16:18:40.186376+0000 0x1a047    Default     0x0                  40755  0    GitHubStore: (CFNetwork) [com.apple.CFNetwork:Default] Task <826FD1FF-F6F5-479E-8842-182B6E880ED3>.<45> received response, status 200 content U
2026-09-29 16:18:40.186436+0000 0x1a047    Default     0x0                  40755  0    GitHubStore: (CFNetwork) [com.apple.CFNetwork:Default] Task <826FD1FF-F6F5-479E-8842-182B6E880ED3>.<45> done using Connection 1
2026-09-29 16:18:40.186581+0000 0x1a047    Default     0x0                  40755  0    GitHubStore: (CFNetwork) [com.apple.CFNetwork:Default] Task <6B047EF3-FE08-4E93-8FD4-0321958BB1BB>.<42> response ended
2026-09-29 16:18:40.186705+0000 0x1a047    Default     0x0                  40755  0    GitHubStore: (CFNetwork) [com.apple.CFNetwork:Default] Task <826FD1FF-F6F5-479E-8842-182B6E880ED3>.<45> response ended
2026-09-29 16:18:40.220977+0000 0x1a042    Default     0x0                  40755  0    GitHubStore: (CFNetwork) [com.apple.CFNetwork:Summary] Task <C2B5660F-B5E5-4466-9536-38EDA91AF192>.<37> summary for task success {transaction_duration_ms=1035, response_status=200, connection=1, reused=1, reused_after_ms=0, request_start_ms=2, request_duration_ms=0, response_start_ms=364, response_duration_ms=0, request_bytes=48, request_throughput_kbps=1069, response_bytes=68439, response_throughput_kbps=576920, cache_hit=false}
2026-09-29 16:18:40.253121+0000 0x1a03a    Default     0x0                  40755  0    GitHubStore: (CFNetwork) [com.apple.CFNetwork:Default] Task <34162272-44A2-47AC-983F-8B2058BEDCEB>.<40> received response, status 200 content U
2026-09-29 16:18:40.296489+0000 0x1a042    Default     0x0                  40755  0    GitHubStore: (CFNetwork) [com.apple.CFNetwork:Default] Task <C2B5660F-B5E5-4466-9536-38EDA91AF192>.<37> finished successfully
2026-09-29 16:18:40.298699+0000 0x1a03a    Default     0x0                  40755  0    GitHubStore: (CFNetwork) [com.apple.CFNetwork:Default] Task <34162272-44A2-47AC-983F-8B2058BEDCEB>.<40> done using Connection 1
2026-09-29 16:18:40.299171+0000 0x1a042    Default     0x0                  40755  0    GitHubStore: (CFNetwork) [com.apple.CFNetwork:Summary] Task <A13EA658-7E56-4A34-B8F3-027324AC2D2D>.<47> summary for task success {transaction_duration_ms=443, response_status=200, connection=1, reused=1, reused_after_ms=0, request_start_ms=8, request_duration_ms=0, response_start_ms=211, response_duration_ms=0, request_bytes=53, request_throughput_kbps=1927, response_bytes=12563, response_throughput_kbps=160802, cache_hit=false}
2026-09-29 16:18:40.301109+0000 0x1a03a    Default     0x0                  40755  0    GitHubStore: (CFNetwork) [com.apple.CFNetwork:Default] Task <34162272-44A2-47AC-983F-8B2058BEDCEB>.<40> response ended
2026-09-29 16:18:40.301388+0000 0x1a042    Default     0x0                  40755  0    GitHubStore: (CFNetwork) [com.apple.CFNetwork:Default] Task <A13EA658-7E56-4A34-B8F3-027324AC2D2D>.<47> finished successfully
2026-09-29 16:18:40.302074+0000 0x1a042    Default     0x0                  40755  0    GitHubStore: (CFNetwork) [com.apple.CFNetwork:Summary] Task <95A96772-8258-49F2-AB5F-1E8B341691D2>.<38> summary for task success {transaction_duration_ms=776, response_status=200, connection=1, reused=1, reused_after_ms=0, request_start_ms=1, request_duration_ms=0, response_start_ms=401, response_duration_ms=3, request_bytes=50, request_throughput_kbps=1047, response_bytes=58647, response_throughput_kbps=153673, cache_hit=false}
2026-09-29 16:18:40.302133+0000 0x1a042    Default     0x0                  40755  0    GitHubStore: (CFNetwork) [com.apple.CFNetwork:Default] Task <95A96772-8258-49F2-AB5F-1E8B341691D2>.<38> finished successfully
2026-09-29 16:18:40.302229+0000 0x1a042    Default     0x0                  40755  0    GitHubStore: (CFNetwork) [com.apple.CFNetwork:Summary] Task <839D0F48-ED50-4F20-8373-BA10246B448E>.<48> summary for task success {transaction_duration_ms=446, response_status=200, connection=1, reused=1, reused_after_ms=0, request_start_ms=8, request_duration_ms=0, response_start_ms=249, response_duration_ms=0, request_bytes=51, request_throughput_kbps=937, response_bytes=4770, response_throughput_kbps=140275, cache_hit=false}
2026-09-29 16:18:40.302259+0000 0x1a042    Default     0x0                  40755  0    GitHubStore: (CFNetwork) [com.apple.CFNetwork:Default] Task <839D0F48-ED50-4F20-8373-BA10246B448E>.<48> finished successfully
2026-09-29 16:18:40.302421+0000 0x1a042    Default     0x0                  40755  0    GitHubStore: (CFNetwork) [com.apple.CFNetwork:Summary] Task <A92F49CA-0BBA-4401-A3A3-09E8B15C5528>.<41> summary for task success {transaction_duration_ms=449, response_status=200, connection=1, reused=1, reused_after_ms=0, request_start_ms=10, request_duration_ms=0, response_start_ms=255, response_duration_ms=0, request_bytes=54, request_throughput_kbps=2171, response_bytes=5773, response_throughput_kbps=119647, cache_hit=false}
2026-09-29 16:18:40.302620+0000 0x1a042    Default     0x0                  40755  0    GitHubStore: (CFNetwork) [com.apple.CFNetwork:Default] Task <A92F49CA-0BBA-4401-A3A3-09E8B15C5528>.<41> finished successfully
2026-09-29 16:18:40.302718+0000 0x1a042    Default     0x0                  40755  0    GitHubStore: (CFNetwork) [com.apple.CFNetwork:Summary] Task <1D7C83A0-C8D4-4724-812A-EF48F4FFC46A>.<43> summary for task success {transaction_duration_ms=447, response_status=200, connection=1, reused=1, reused_after_ms=0, request_start_ms=8, request_duration_ms=0, response_start_ms=253, response_duration_ms=0, request_bytes=50, request_throughput_kbps=1481, response_bytes=8404, response_throughput_kbps=224069, cache_hit=false}
2026-09-29 16:18:40.302952+0000 0x1a042    Default     0x0                  40755  0    GitHubStore: (CFNetwork) [com.apple.CFNetwork:Default] Task <1D7C83A0-C8D4-4724-812A-EF48F4FFC46A>.<43> finished successfully
2026-09-29 16:18:40.303044+0000 0x1a042    Default     0x0                  40755  0    GitHubStore: (CFNetwork) [com.apple.CFNetwork:Summary] Task <6B047EF3-FE08-4E93-8FD4-0321958BB1BB>.<42> summary for task success {transaction_duration_ms=447, response_status=200, connection=1, reused=1, reused_after_ms=0, request_start_ms=8, request_duration_ms=0, response_start_ms=330, response_duration_ms=1, request_bytes=62, request_throughput_kbps=2431, response_bytes=4624, response_throughput_kbps=26727, cache_hit=false}
2026-09-29 16:18:40.303067+0000 0x1a042    Default     0x0                  40755  0    GitHubStore: (CFNetwork) [com.apple.CFNetwork:Default] Task <6B047EF3-FE08-4E93-8FD4-0321958BB1BB>.<42> finished successfully
2026-09-29 16:18:40.303093+0000 0x1a042    Default     0x0                  40755  0    GitHubStore: (CFNetwork) [com.apple.CFNetwork:Summary] Task <826FD1FF-F6F5-479E-8842-182B6E880ED3>.<45> summary for task success {transaction_duration_ms=447, response_status=200, connection=1, reused=1, reused_after_ms=0, request_start_ms=8, request_duration_ms=0, response_start_ms=330, response_duration_ms=0, request_bytes=57, request_throughput_kbps=2150, response_bytes=8314, response_throughput_kbps=169227, cache_hit=false}
2026-09-29 16:18:40.303111+0000 0x1a042    Default     0x0                  40755  0    GitHubStore: (CFNetwork) [com.apple.CFNetwork:Default] Task <826FD1FF-F6F5-479E-8842-182B6E880ED3>.<45> finished successfully
2026-09-29 16:18:40.608829+0000 0x1a041    Default     0x0                  40755  0    GitHubStore: (CFNetwork) [com.apple.CFNetwork:Default] Task <990EA02F-FFD1-4874-B046-E27E6D5C49BC>.<44> received response, status 200 content U
2026-09-29 16:18:40.608971+0000 0x1a041    Default     0x0                  40755  0    GitHubStore: (CFNetwork) [com.apple.CFNetwork:Default] Task <990EA02F-FFD1-4874-B046-E27E6D5C49BC>.<44> done using Connection 1
2026-09-29 16:18:40.610487+0000 0x1a041    Default     0x0                  40755  0    GitHubStore: (CFNetwork) [com.apple.CFNetwork:Default] Task <990EA02F-FFD1-4874-B046-E27E6D5C49BC>.<44> response ended
2026-09-29 16:18:41.146940+0000 0x1a03a    Default     0x0                  40755  0    GitHubStore: (CFNetwork) [com.apple.CFNetwork:Summary] Task <34162272-44A2-47AC-983F-8B2058BEDCEB>.<40> summary for task success {transaction_duration_ms=1293, response_status=200, connection=1, reused=1, reused_after_ms=0, request_start_ms=10, request_duration_ms=0, response_start_ms=400, response_duration_ms=48, request_bytes=58, request_throughput_kbps=2454, response_bytes=19885, response_throughput_kbps=3284, cache_hit=false}
2026-09-29 16:18:41.147134+0000 0x1a03a    Default     0x0                  40755  0    GitHubStore: (CFNetwork) [com.apple.CFNetwork:Default] Task <34162272-44A2-47AC-983F-8B2058BEDCEB>.<40> finished successfully
2026-09-29 16:18:41.147380+0000 0x1a03a    Default     0x0                  40755  0    GitHubStore: (CFNetwork) [com.apple.CFNetwork:Summary] Task <277D75F5-02B7-43FF-91A8-255B238B55ED>.<51> summary for task success {transaction_duration_ms=1285, response_status=200, connection=1, reused=1, reused_after_ms=0, request_start_ms=1, request_duration_ms=0, response_start_ms=213, response_duration_ms=0, request_bytes=60, request_throughput_kbps=639, response_bytes=3483, response_throughput_kbps=132656, cache_hit=false}
2026-09-29 16:18:41.147464+0000 0x1a03a    Default     0x0                  40755  0    GitHubStore: (CFNetwork) [com.apple.CFNetwork:Default] Task <277D75F5-02B7-43FF-91A8-255B238B55ED>.<51> finished successfully
2026-09-29 16:18:41.147552+0000 0x1a03a    Default     0x0                  40755  0    GitHubStore: (CFNetwork) [com.apple.CFNetwork:Summary] Task <EF0E4A73-3FA2-4C82-8CA2-F0C9370B31AB>.<46> summary for task success {transaction_duration_ms=1292, response_status=200, connection=1, reused=1, reused_after_ms=0, request_start_ms=8, request_duration_ms=0, response_start_ms=227, response_duration_ms=0, request_bytes=57, request_throughput_kbps=2112, response_bytes=5671, response_throughput_kbps=163196, cache_hit=false}
2026-09-29 16:18:41.147616+0000 0x1a03a    Default     0x0                  40755  0    GitHubStore: (CFNetwork) [com.apple.CFNetwork:Default] Task <EF0E4A73-3FA2-4C82-8CA2-F0C9370B31AB>.<46> finished successfully
2026-09-29 16:18:41.147885+0000 0x1a041    Default     0x0                  40755  0    GitHubStore: (CFNetwork) [com.apple.CFNetwork:Summary] Task <990EA02F-FFD1-4874-B046-E27E6D5C49BC>.<44> summary for task success {transaction_duration_ms=1292, response_status=200, connection=1, reused=1, reused_after_ms=0, request_start_ms=8, request_duration_ms=0, response_start_ms=753, response_duration_ms=1, request_bytes=50, request_throughput_kbps=1922, response_bytes=136050, response_throughput_kbps=624797, cache_hit=false}
2026-09-29 16:18:41.218166+0000 0x1a041    Default     0x0                  40755  0    GitHubStore: (CFNetwork) [com.apple.CFNetwork:Default] Task <990EA02F-FFD1-4874-B046-E27E6D5C49BC>.<44> finished successfully
2026-09-29 16:18:41.218612+0000 0x1a041    Default     0x0                  40755  0    GitHubStore: (CFNetwork) [com.apple.CFNetwork:Summary] Task <252868C3-0146-4473-9737-85F16255431D>.<49> summary for task success {transaction_duration_ms=1363, response_status=200, connection=1, reused=1, reused_after_ms=0, request_start_ms=8, request_duration_ms=0, response_start_ms=229, response_duration_ms=1, request_bytes=53, request_throughput_kbps=769, response_bytes=12265, response_throughput_kbps=89127, cache_hit=false}
2026-09-29 16:18:41.218687+0000 0x1a041    Default     0x0                  40755  0    GitHubStore: (CFNetwork) [com.apple.CFNetwork:Default] Task <252868C3-0146-4473-9737-85F16255431D>.<49> finished successfully
2026-09-29 16:18:41.975551+0000 0x1a047    Activity    0x476ee              40755  0    GitHubStore: (Metal) Metal Compiling Shader
2026-09-29 16:18:42.007213+0000 0x1a05f    Activity    0x476ef              40755  0    GitHubStore: (Metal) Metal Compiling Shader
2026-09-29 16:18:42.029670+0000 0x1a040    Default     0x0                  40755  0    GitHubStore: (CFNetwork) [com.apple.CFNetwork:Default] Task <70AB5F62-2E37-4065-B408-7DCECA44E2C1>.<50> received response, status 200 content U
2026-09-29 16:18:42.033740+0000 0x1a05f    Activity    0x47a00              40755  0    GitHubStore: (Metal) Metal Compiling Shader
2026-09-29 16:18:42.041879+0000 0x1a047    Activity    0x47a01              40755  0    GitHubStore: (Metal) Metal Compiling Shader
2026-09-29 16:18:42.058359+0000 0x1a05f    Activity    0x47a02              40755  0    GitHubStore: (Metal) Metal Compiling Shader
2026-09-29 16:18:42.072098+0000 0x1a047    Activity    0x47a03              40755  0    GitHubStore: (Metal) Metal Compiling Shader
2026-09-29 16:18:42.086090+0000 0x1a040    Default     0x0                  40755  0    GitHubStore: (CFNetwork) [com.apple.CFNetwork:Default] Task <70AB5F62-2E37-4065-B408-7DCECA44E2C1>.<50> done using Connection 1
2026-09-29 16:18:42.086256+0000 0x19f75    Default     0x0                  40755  0    GitHubStore: (CFNetwork) [com.apple.CFNetwork:Default] Task <1DD1BEFC-A2D2-4B1B-B29D-56B8C9275B19>.<1> resuming, timeouts(60.0, 604800.0) qos(0x15) voucher((null)) activity(00000000-0000-0000-0000-000000000000)
2026-09-29 16:18:42.086391+0000 0x19f7b    Default     0x0                  40755  0    GitHubStore: (CFNetwork) [com.apple.CFNetwork:Default] Task <831F80A7-0D2A-4AF4-B49C-5A4E14C4CA1F>.<2> resuming, timeouts(60.0, 604800.0) qos(0x15) voucher((null)) activity(00000000-0000-0000-0000-000000000000)
2026-09-29 16:18:42.086503+0000 0x19f7c    Default     0x0                  40755  0    GitHubStore: (CFNetwork) [com.apple.CFNetwork:Default] Task <5D04ED21-4772-4112-9A87-595DF1A47544>.<3> resuming, timeouts(60.0, 604800.0) qos(0x15) voucher((null)) activity(00000000-0000-0000-0000-000000000000)
2026-09-29 16:18:42.090519+0000 0x1a05f    Activity    0x47a04              40755  0    GitHubStore: (Metal) Metal Compiling Shader
2026-09-29 16:18:42.093533+0000 0x1a05f    Activity    0x47a05              40755  0    GitHubStore: (Metal) Metal Compiling Shader
2026-09-29 16:18:42.094612+0000 0x1a040    Default     0x0                  40755  0    GitHubStore: (Network) [com.apple.network:connection] [C1] event: client:connection_idle @7.484s
2026-09-29 16:18:42.096071+0000 0x1a040    Default     0x0                  40755  0    GitHubStore: (Network) [com.apple.network:connection] nw_protocol_socket_notify [C1.1.1.1:3] nw_protocol_notification_type_connection_idle is true
2026-09-29 16:18:42.102107+0000 0x1a047    Activity    0x47a06              40755  0    GitHubStore: (Metal) Metal Compiling Shader
2026-09-29 16:18:42.102226+0000 0x1a040    Default     0x0                  40755  0    GitHubStore: (CFNetwork) [com.apple.CFNetwork:Default] Task <70AB5F62-2E37-4065-B408-7DCECA44E2C1>.<50> response ended
2026-09-29 16:18:42.102649+0000 0x1a040    Default     0x0                  40755  0    GitHubStore: (CFNetwork) [com.apple.CFNetwork:Default] Connection 0: creating secure tcp or quic connection
2026-09-29 16:18:42.102913+0000 0x1a040    Default     0x0                  40755  0    GitHubStore: (CFNetwork) [com.apple.CFNetwork:Default] Task <5D04ED21-4772-4112-9A87-595DF1A47544>.<3> waiting for setup of Connection 2
2026-09-29 16:18:42.102920+0000 0x1a040    Default     0x0                  40755  0    GitHubStore: (CFNetwork) [com.apple.CFNetwork:Default] Task <831F80A7-0D2A-4AF4-B49C-5A4E14C4CA1F>.<2> waiting for setup of Connection 2
2026-09-29 16:18:42.102930+0000 0x1a040    Default     0x0                  40755  0    GitHubStore: (CFNetwork) [com.apple.CFNetwork:Default] Connection 2: enabling TLS
2026-09-29 16:18:42.102939+0000 0x1a040    Default     0x0                  40755  0    GitHubStore: (CFNetwork) [com.apple.CFNetwork:Default] Connection 2: starting, TC(0x0)
2026-09-29 16:18:42.103406+0000 0x1a042    Default     0x0                  40755  0    GitHubStore: (CFNetwork) [com.apple.CFNetwork:Summary] Task <70AB5F62-2E37-4065-B408-7DCECA44E2C1>.<50> summary for task success {transaction_duration_ms=2247, response_status=200, connection=1, reused=1, reused_after_ms=0, request_start_ms=8, request_duration_ms=0, response_start_ms=2173, response_duration_ms=72, request_bytes=54, request_throughput_kbps=711, response_bytes=274088, response_throughput_kbps=30155, cache_hit=false}
2026-09-29 16:18:42.103850+0000 0x1a040    Default     0x0                  40755  0    GitHubStore: (Network) [com.apple.network:connection] [C2 CC4C917E-03A0-4B40-84C0-B699555240A7 Hostname#2a678d0a:443 quic-connection, url: https://avatars.githubusercontent.com/u/49966544, definite, attribution: developer, context: com.apple.CFNetwork.NSURLSession.{17FD6535-949E-44FF-96F8-ED1F2FF55F57}{(null)}{Y}{2}{0x0} (private), proc: C8EE117E-8BC1-3965-900E-11DAE0112446, delegated upid: 0] start
2026-09-29 16:18:42.104026+0000 0x1a042    Default     0x0                  40755  0    GitHubStore: (CFNetwork) [com.apple.CFNetwork:Default] Task <70AB5F62-2E37-4065-B408-7DCECA44E2C1>.<50> finished successfully
2026-09-29 16:18:42.113149+0000 0x1a047    Activity    0x47a07              40755  0    GitHubStore: (Metal) Metal Compiling Shader
2026-09-29 16:18:42.117600+0000 0x1a040    Default     0x0                  40755  0    GitHubStore: (Network) [com.apple.network:connection] [C2 Hostname#2a678d0a:443 initial parent-flow ((null))] event: path:start @0.013s
2026-09-29 16:18:42.118046+0000 0x1a040    Default     0x0                  40755  0    GitHubStore: (Network) [com.apple.network:connection] [C2 Hostname#2a678d0a:443 waiting parent-flow (satisfied (Path is satisfied), interface: en0)] event: path:satisfied @0.013s, uuid: B1B56A11-6997-4B7F-B670-A3BE0FB66B90
2026-09-29 16:18:42.118133+0000 0x1a040    Default     0x0                  40755  0    GitHubStore: (Network) [com.apple.network:connection] [C2 Hostname#2a678d0a:443 in_progress parent-flow (satisfied (Path is satisfied), interface: en0)] event: flow:start_connect @0.014s
2026-09-29 16:18:42.118150+0000 0x1a040    Default     0x0                  40755  0    GitHubStore: (Network) [com.apple.network:connection] nw_connection_report_state_with_handler_on_nw_queue [C2] reporting state preparing
2026-09-29 16:18:42.120864+0000 0x1a040    Default     0x0                  40755  0    GitHubStore: (Network) [com.apple.network:connection] [C2 Hostname#2a678d0a:443 in_progress parent-flow (satisfied (Path is satisfied), interface: en0)] event: flow:start_child @0.016s
2026-09-29 16:18:42.121070+0000 0x1a040    Default     0x0                  40755  0    GitHubStore: (Network) [com.apple.network:connection] [C2.1 Hostname#2a678d0a:443 initial path ((null))] event: path:start @0.016s
2026-09-29 16:18:42.121494+0000 0x1a040    Default     0x0                  40755  0    GitHubStore: (Network) [com.apple.network:connection] [C2.1 Hostname#2a678d0a:443 waiting path (satisfied (Path is satisfied), interface: en0)] event: path:satisfied @0.017s, uuid: B1B56A11-6997-4B7F-B670-A3BE0FB66B90
2026-09-29 16:18:42.121602+0000 0x1a040    Default     0x0                  40755  0    GitHubStore: (Network) [com.apple.network:connection] [C2.1 Hostname#2a678d0a:443 in_progress transform (satisfied (Path is satisfied), interface: en0)] event: transform:start @0.017s
2026-09-29 16:18:42.121958+0000 0x1a040    Default     0x0                  40755  0    GitHubStore: (Network) [com.apple.network:connection] [C2.1.1 Hostname#2a678d0a:443 initial path ((null))] event: path:start @0.017s
2026-09-29 16:18:42.122497+0000 0x1a040    Default     0x0                  40755  0    GitHubStore: (Network) [com.apple.network:connection] [C2.1.1 Hostname#2a678d0a:443 waiting path (satisfied (Path is satisfied), interface: en0)] event: path:satisfied @0.018s, uuid: 51874DD8-B419-43CC-B5FE-C7B0BCD827A2
2026-09-29 16:18:42.124183+0000 0x1a040    Default     0x0                  40755  0    GitHubStore: (Network) [com.apple.network:connection] [C2.1.1 Hostname#2a678d0a:443 in_progress resolver (satisfied (Path is satisfied), interface: en0)] event: resolver:start_dns @0.020s
2026-09-29 16:18:42.125011+0000 0x1a042    Activity    0x47a08              40755  0    GitHubStore: (Metal) Metal Compiling Shader
2026-09-29 16:18:42.125572+0000 0x1a040    Default     0x0                  40755  0    GitHubStore: (CFNetwork) [com.apple.CFNetwork:Default] Task <1DD1BEFC-A2D2-4B1B-B29D-56B8C9275B19>.<1> setting up Connection 2
2026-09-29 16:18:42.126764+0000 0x1a042    Activity    0x47a09              40755  0    GitHubStore: (Metal) Metal Compiling Shader
2026-09-29 16:18:42.136642+0000 0x1a040    Activity    0x47a0a              40755  0    GitHubStore: (Metal) Metal Compiling Shader
2026-09-29 16:18:42.164341+0000 0x1a042    Default     0x0                  40755  0    GitHubStore: (Network) [com.apple.network:connection] nw_endpoint_resolver_update [C2.1.1 Hostname#2a678d0a:443 in_progress resolver (satisfied (Path is satisfied), interface: en0)] Adding endpoint handler for IPv4#d7afebae:443
2026-09-29 16:18:42.165826+0000 0x1a042    Default     0x0                  40755  0    GitHubStore: (Network) [com.apple.network:connection] nw_endpoint_resolver_update [C2.1.1 Hostname#2a678d0a:443 in_progress resolver (satisfied (Path is satisfied), interface: en0)] Adding endpoint handler for IPv4#18e23299:443
2026-09-29 16:18:42.166857+0000 0x1a042    Default     0x0                  40755  0    GitHubStore: (Network) [com.apple.network:connection] nw_endpoint_resolver_update [C2.1.1 Hostname#2a678d0a:443 in_progress resolver (satisfied (Path is satisfied), interface: en0)] Adding endpoint handler for IPv4#32eb7519:443
2026-09-29 16:18:42.167534+0000 0x1a042    Default     0x0                  40755  0    GitHubStore: (Network) [com.apple.network:connection] nw_endpoint_resolver_update [C2.1.1 Hostname#2a678d0a:443 in_progress resolver (satisfied (Path is satisfied), interface: en0)] Adding endpoint handler for IPv4#f786c9df:443
2026-09-29 16:18:42.168365+0000 0x1a042    Default     0x0                  40755  0    GitHubStore: (Network) [com.apple.network:connection] [C2.1.1 Hostname#2a678d0a:443 in_progress resolver (satisfied (Path is satisfied), interface: en0)] event: resolver:receive_dns @0.064s
2026-09-29 16:18:42.170164+0000 0x1a042    Default     0x0                  40755  0    GitHubStore: (Network) [com.apple.network:connection] [C2.1.1.1 IPv4#d7afebae:443 initial path ((null))] event: path:start @0.066s
2026-09-29 16:18:42.170811+0000 0x1a042    Default     0x0                  40755  0    GitHubStore: (Network) [com.apple.network:connection] [C2.1.1.1 IPv4#d7afebae:443 waiting path (satisfied (Path is satisfied), interface: en0)] event: path:satisfied @0.066s, uuid: DB556E8C-72C6-49DA-A61F-7E202102AED4
2026-09-29 16:18:42.171580+0000 0x1a042    Default     0x0                  40755  0    GitHubStore: (Network) [com.apple.network:connection] [C2.1.1.1 IPv4#d7afebae:443 in_progress socket-flow (satisfied (Path is satisfied), interface: en0)] event: flow:start_connect @0.067s
2026-09-29 16:18:42.175650+0000 0x1a042    Activity    0x47a0b              40755  0    GitHubStore: (Metal) Metal Compiling Shader
2026-09-29 16:18:42.183801+0000 0x1a040    Default     0x0                  40755  0    GitHubStore: (Network) [com.apple.network:connection] nw_socket_handle_socket_event [C2.1.1.1:3] Socket received CONNECTED event
2026-09-29 16:18:42.184186+0000 0x1a040    Default     0x0                  40755  0    GitHubStore: (Network) [com.apple.network:connection] nw_flow_connected [C2.1.1.1 IPv4#d7afebae:443 in_progress socket-flow (satisfied (Path is satisfied), interface: en0)] Transport protocol connected (socket)
2026-09-29 16:18:42.184247+0000 0x1a040    Default     0x0                  40755  0    GitHubStore: (Network) [com.apple.network:connection] [C2.1.1.1 IPv4#d7afebae:443 in_progress socket-flow (satisfied (Path is satisfied), interface: en0)] event: flow:finish_transport @0.080s
2026-09-29 16:18:42.185045+0000 0x1a040    Default     0x0                  40755  0    GitHubStore: (libboringssl.dylib) [com.apple.network:boringssl] boringssl_session_apply_protocol_options_for_transport_block_invoke_2(2323) [C2.1.1.1:2][0x10bb77780] TLS configured [min_version(0x0303) max_version(0x0304) name(redacted) tickets(false) false_start(false) enforce_ev(false) enforce_ats(false) ats_non_pfs_ciphersuite_allowed(false) ech(false) pqtls(true), pake(false)]
2026-09-29 16:18:42.185357+0000 0x1a040    Default     0x0                  40755  0    GitHubStore: (libboringssl.dylib) [com.apple.network:boringssl] boringssl_context_info_handler(2390) [C2.1.1.1:2][0x10bb77780] Client handshake started
2026-09-29 16:18:42.185810+0000 0x1a040    Default     0x0                  40755  0    GitHubStore: (libboringssl.dylib) [com.apple.network:boringssl] boringssl_context_info_handler(2407) [C2.1.1.1:2][0x10bb77780] Client handshake state: TLS client enter_early_data
2026-09-29 16:18:42.188143+0000 0x1a040    Default     0x0                  40755  0    GitHubStore: (libboringssl.dylib) [com.apple.network:boringssl] boringssl_context_info_handler(2407) [C2.1.1.1:2][0x10bb77780] Client handshake state: TLS client read_server_hello
2026-09-29 16:18:42.204178+0000 0x1a040    Default     0x0                  40755  0    GitHubStore: (libboringssl.dylib) [com.apple.network:boringssl] boringssl_context_info_handler(2407) [C2.1.1.1:2][0x10bb77780] Client handshake state: TLS 1.3 client read_hello_retry_request
2026-09-29 16:18:42.204253+0000 0x1a040    Default     0x0                  40755  0    GitHubStore: (libboringssl.dylib) [com.apple.network:boringssl] boringssl_context_info_handler(2407) [C2.1.1.1:2][0x10bb77780] Client handshake state: TLS 1.3 client read_server_hello
2026-09-29 16:18:42.204399+0000 0x1a040    Default     0x0                  40755  0    GitHubStore: (libboringssl.dylib) [com.apple.network:boringssl] boringssl_context_info_handler(2407) [C2.1.1.1:2][0x10bb77780] Client handshake state: TLS 1.3 client read_encrypted_extensions
2026-09-29 16:18:42.204425+0000 0x1a040    Default     0x0                  40755  0    GitHubStore: (libboringssl.dylib) [com.apple.network:boringssl] boringssl_context_info_handler(2407) [C2.1.1.1:2][0x10bb77780] Client handshake state: TLS 1.3 client read_certificate_request
2026-09-29 16:18:42.204439+0000 0x1a040    Default     0x0                  40755  0    GitHubStore: (libboringssl.dylib) [com.apple.network:boringssl] boringssl_context_info_handler(2407) [C2.1.1.1:2][0x10bb77780] Client handshake state: TLS 1.3 client read_server_certificate
2026-09-29 16:18:42.204458+0000 0x1a040    Default     0x0                  40755  0    GitHubStore: (libboringssl.dylib) [com.apple.network:boringssl] boringssl_context_info_handler(2407) [C2.1.1.1:2][0x10bb77780] Client handshake state: TLS 1.3 client read_server_certificate_verify
2026-09-29 16:18:42.204568+0000 0x1a040    Default     0x0                  40755  0    GitHubStore: (libboringssl.dylib) [com.apple.network:boringssl] boringssl_context_evaluate_trust_async(1833) [C2.1.1.1:2][0x10bb77780] Performing external trust evaluation
2026-09-29 16:18:42.204596+0000 0x1a040    Activity    0x47a0c              40755  0    GitHubStore: (Security) SecKeyCopyPublicBytes
2026-09-29 16:18:42.204623+0000 0x1a040    Default     0x0                  40755  0    GitHubStore: (libboringssl.dylib) [com.apple.network:boringssl] boringssl_context_evaluate_trust_async_external(1818) [C2.1.1.1:2][0x10bb77780] Asyncing for external verify block
2026-09-29 16:18:42.204675+0000 0x1a040    Default     0x0                  40755  0    GitHubStore: (CFNetwork) [com.apple.CFNetwork:Default] Connection 2: asked to evaluate TLS Trust
2026-09-29 16:18:42.216598+0000 0x1a040    Activity    0x47a0d              40755  0    GitHubStore: (Metal) Metal Compiling Shader
2026-09-29 16:18:42.218646+0000 0x1a040    Activity    0x47a0e              40755  0    GitHubStore: (Metal) Metal Compiling Shader
2026-09-29 16:18:42.225312+0000 0x1a042    Activity    0x47a0f              40755  0    GitHubStore: (Metal) Metal Compiling Shader
2026-09-29 16:18:42.241827+0000 0x1a040    Activity    0x47a30              40755  0    GitHubStore: (Metal) Metal Compiling Shader
2026-09-29 16:18:42.266505+0000 0x1a047    Default     0x0                  40755  0    GitHubStore: (CFNetwork) [com.apple.CFNetwork:Default] Task <1DD1BEFC-A2D2-4B1B-B29D-56B8C9275B19>.<1> auth completion disp=1 cred=0x0
2026-09-29 16:18:42.266794+0000 0x1a047    Default     0x0                  40755  0    GitHubStore: (Security) [com.apple.securityd:trust] (Trust 0x600003510e70) No pending evals, starting
2026-09-29 16:18:42.266821+0000 0x1a03a    Activity    0x47a31              40755  0    GitHubStore: (Metal) Metal Compiling Shader
2026-09-29 16:18:42.267339+0000 0x1a047    Activity    0x47a32              40755  0    GitHubStore: (Security) SecTrustEvaluateIfNecessaryFastAsync
2026-09-29 16:18:42.268912+0000 0x1a040    Activity    0x47a33              40755  0    GitHubStore: (Metal) Metal Compiling Shader
2026-09-29 16:18:42.270491+0000 0x1a047    Default     0x47a32              40755  0    GitHubStore: (libxpc.dylib) [com.apple.xpc:connection] [0x10bc208c0] activating connection: mach=true listener=false peer=false name=com.apple.trustd
2026-09-29 16:18:42.270957+0000 0x1a047    Default     0x47a32              40755  0    GitHubStore: (Security) [com.apple.securityd:trust] (Trust 0x600003510e70) Completed async eval kickoff
2026-09-29 16:18:42.275125+0000 0x1a03a    Activity    0x47a34              40755  0    GitHubStore: (Metal) Metal Compiling Shader
2026-09-29 16:18:42.285387+0000 0x1a047    Default     0x47a32              40755  0    GitHubStore: (Security) [com.apple.securityd:trust] (Trust 0x600003510e70) trustd returned 4
2026-09-29 16:18:42.285492+0000 0x1a047    Default     0x0                  40755  0    GitHubStore: (CFNetwork) [com.apple.CFNetwork:Default] System Trust Evaluation yielded status(0)
2026-09-29 16:18:42.285518+0000 0x1a047    Default     0x0                  40755  0    GitHubStore: (Security) [com.apple.securityd:trust] (Trust 0x6000035144d0) No pending evals, starting
2026-09-29 16:18:42.285598+0000 0x1a047    Activity    0x47a35              40755  0    GitHubStore: (Security) SecTrustEvaluateIfNecessaryFastAsync
2026-09-29 16:18:42.286989+0000 0x1a047    Default     0x47a35              40755  0    GitHubStore: (libxpc.dylib) [com.apple.xpc:connection] [0x10bb31230] activating connection: mach=true listener=false peer=false name=com.apple.trustd
2026-09-29 16:18:42.288898+0000 0x1a047    Default     0x47a35              40755  0    GitHubStore: (Security) [com.apple.securityd:trust] (Trust 0x6000035144d0) Completed async eval kickoff
2026-09-29 16:18:42.288950+0000 0x1a047    Default     0x47a35              40755  0    GitHubStore: (libxpc.dylib) [com.apple.xpc:connection] [0x10bc208c0] invalidated because the current process cancelled the connection by calling xpc_connection_cancel()
2026-09-29 16:18:42.288996+0000 0x1a040    Activity    0x47a36              40755  0    GitHubStore: (Metal) Metal Compiling Shader
2026-09-29 16:18:42.293481+0000 0x1a03a    Default     0x47a35              40755  0    GitHubStore: (Security) [com.apple.securityd:trust] (Trust 0x6000035144d0) trustd returned 4
2026-09-29 16:18:42.293513+0000 0x1a03a    Default     0x0                  40755  0    GitHubStore: (CFNetwork) [com.apple.CFNetwork:Default] Connection 2: TLS Trust result 0
2026-09-29 16:18:42.293527+0000 0x1a03a    Default     0x0                  40755  0    GitHubStore: (libboringssl.dylib) [com.apple.network:boringssl] boringssl_context_evaluate_trust_async_external_block_invoke_3(1773) [C2.1.1.1:2][0x10bb77780] Returning from external verify block with result: true
2026-09-29 16:18:42.293549+0000 0x1a03a    Default     0x0                  40755  0    GitHubStore: (libboringssl.dylib) [com.apple.network:boringssl] boringssl_context_certificate_verify_callback(2014) [C2.1.1.1:2][0x10bb77780] Certificate verification result: OK
2026-09-29 16:18:42.293602+0000 0x1a03a    Default     0x0                  40755  0    GitHubStore: (libboringssl.dylib) [com.apple.network:boringssl] boringssl_context_info_handler(2407) [C2.1.1.1:2][0x10bb77780] Client handshake state: TLS 1.3 client read_server_finished
2026-09-29 16:18:42.293627+0000 0x1a03a    Default     0x0                  40755  0    GitHubStore: (libboringssl.dylib) [com.apple.network:boringssl] boringssl_context_info_handler(2407) [C2.1.1.1:2][0x10bb77780] Client handshake state: TLS 1.3 client send_end_of_early_data
2026-09-29 16:18:42.293641+0000 0x1a03a    Default     0x0                  40755  0    GitHubStore: (libboringssl.dylib) [com.apple.network:boringssl] boringssl_context_info_handler(2407) [C2.1.1.1:2][0x10bb77780] Client handshake state: TLS 1.3 client send_client_encrypted_extensions
2026-09-29 16:18:42.295200+0000 0x1a03a    Default     0x0                  40755  0    GitHubStore: (libboringssl.dylib) [com.apple.network:boringssl] boringssl_context_info_handler(2407) [C2.1.1.1:2][0x10bb77780] Client handshake state: TLS 1.3 client send_client_certificate
2026-09-29 16:18:42.295218+0000 0x1a03a    Default     0x0                  40755  0    GitHubStore: (libboringssl.dylib) [com.apple.network:boringssl] boringssl_context_info_handler(2407) [C2.1.1.1:2][0x10bb77780] Client handshake state: TLS 1.3 client complete_second_flight
2026-09-29 16:18:42.295244+0000 0x1a03a    Default     0x0                  40755  0    GitHubStore: (libboringssl.dylib) [com.apple.network:boringssl] boringssl_context_info_handler(2407) [C2.1.1.1:2][0x10bb77780] Client handshake state: TLS 1.3 client done
2026-09-29 16:18:42.295306+0000 0x1a03a    Default     0x0                  40755  0    GitHubStore: (libboringssl.dylib) [com.apple.network:boringssl] boringssl_context_info_handler(2407) [C2.1.1.1:2][0x10bb77780] Client handshake state: TLS client finish_client_handshake
2026-09-29 16:18:42.295328+0000 0x1a03a    Default     0x0                  40755  0    GitHubStore: (libboringssl.dylib) [com.apple.network:boringssl] boringssl_context_info_handler(2407) [C2.1.1.1:2][0x10bb77780] Client handshake state: TLS client done
2026-09-29 16:18:42.295337+0000 0x1a03a    Default     0x0                  40755  0    GitHubStore: (libboringssl.dylib) [com.apple.network:boringssl] boringssl_context_info_handler(2396) [C2.1.1.1:2][0x10bb77780] Client handshake done
2026-09-29 16:18:42.295825+0000 0x1a03a    Activity    0x47a37              40755  0    GitHubStore: (Security) SecKeyCopyPublicBytes
2026-09-29 16:18:42.295878+0000 0x1a03a    Default     0x0                  40755  0    GitHubStore: (libboringssl.dylib) [com.apple.network:boringssl] nw_protocol_boringssl_signal_connected(895) [C2.1.1.1:2][0x10bb77780] TLS connected [server(0) version(0x0304) ciphersuite(TLS_AES_128_GCM_SHA256) group(0x11ec) signature_alg(0x0804) alpn(h2) resumed(0) offered_ticket(0) in_early_data(0) early_data_accepted(0) false_started(0) ocsp_received(0) sct_received(0) connect_time(110ms) flight_time(19ms) rtt(19ms) write_stalls(0) read_stalls(2) pake(0x0000)]
2026-09-29 16:18:42.295908+0000 0x1a03a    Default     0x0                  40755  0    GitHubStore: (Network) [com.apple.network:connection] nw_flow_connected [C2.1.1.1 IPv4#d7afebae:443 in_progress socket-flow (satisfied (Path is satisfied), interface: en0)] Output protocol connected (CFNetworkConnection-1794363476)
2026-09-29 16:18:42.295954+0000 0x1a03a    Default     0x0                  40755  0    GitHubStore: (Network) [com.apple.network:connection] [C2.1.1.1 IPv4#d7afebae:443 ready socket-flow (satisfied (Path is satisfied), interface: en0)] event: flow:child_finish_connect @0.191s
2026-09-29 16:18:42.295971+0000 0x1a03a    Default     0x0                  40755  0    GitHubStore: (Network) [com.apple.network:connection] [C2.1.1 Hostname#2a678d0a:443 ready resolver (satisfied (Path is satisfied), interface: en0)] event: flow:child_finish_connect @0.191s
2026-09-29 16:18:42.295986+0000 0x1a03a    Default     0x0                  40755  0    GitHubStore: (Network) [com.apple.network:connection] [C2.1 Hostname#2a678d0a:443 ready transform (satisfied (Path is satisfied), interface: en0)] event: flow:child_finish_connect @0.191s
2026-09-29 16:18:42.296058+0000 0x1a03a    Default     0x0                  40755  0    GitHubStore: (Network) [com.apple.network:connection] nw_flow_connected [C2 IPv4#d7afebae:443 in_progress parent-flow (satisfied (Path is satisfied), interface: en0)] Output protocol connected (endpoint_flow)
2026-09-29 16:18:42.296087+0000 0x1a03a    Default     0x0                  40755  0    GitHubStore: (Network) [com.apple.network:connection] [C2 IPv4#d7afebae:443 ready parent-flow (satisfied (Path is satisfied), interface: en0)] event: flow:finish_connect @0.192s
2026-09-29 16:18:42.296134+0000 0x1a03a    Default     0x0                  40755  0    GitHubStore: (Network) [com.apple.network:connection] nw_connection_report_state_with_handler_on_nw_queue [C2] reporting state ready
2026-09-29 16:18:42.296176+0000 0x1a03a    Activity    0x47a38              40755  0    GitHubStore: (Security) SecKeyCopyPublicBytes
2026-09-29 16:18:42.296225+0000 0x1a03a    Default     0x0                  40755  0    GitHubStore: (libxpc.dylib) [com.apple.xpc:connection] [0x10bb31230] invalidated because the current process cancelled the connection by calling xpc_connection_cancel()
2026-09-29 16:18:42.296242+0000 0x1a03a    Default     0x0                  40755  0    GitHubStore: (CFNetwork) [com.apple.CFNetwork:Default] Connection 2: connected successfully
2026-09-29 16:18:42.296258+0000 0x1a03a    Default     0x0                  40755  0    GitHubStore: (CFNetwork) [com.apple.CFNetwork:Default] Connection 2: TLS handshake complete
2026-09-29 16:18:42.296353+0000 0x1a03a    Default     0x0                  40755  0    GitHubStore: (CFNetwork) [com.apple.CFNetwork:Default] Connection 2: ready C(N) E(N)
2026-09-29 16:18:42.296537+0000 0x1a03a    Default     0x0                  40755  0    GitHubStore: (Network) [com.apple.network:connection] [C2] event: client:connection_reused @0.192s
2026-09-29 16:18:42.296587+0000 0x1a03a    Default     0x0                  40755  0    GitHubStore: (Network) [com.apple.network:connection] nw_protocol_socket_notify [C2.1.1.1:3] nw_protocol_notification_type_connection_idle is false
2026-09-29 16:18:42.296668+0000 0x1a03a    Default     0x0                  40755  0    GitHubStore: (CFNetwork) [com.apple.CFNetwork:Default] Task <1DD1BEFC-A2D2-4B1B-B29D-56B8C9275B19>.<1> now using Connection 2
2026-09-29 16:18:42.296703+0000 0x1a03a    Default     0x0                  40755  0    GitHubStore: (CFNetwork) [com.apple.CFNetwork:Default] Task <5D04ED21-4772-4112-9A87-595DF1A47544>.<3> now using Connection 2
2026-09-29 16:18:42.296965+0000 0x1a03a    Default     0x0                  40755  0    GitHubStore: (CFNetwork) [com.apple.CFNetwork:Default] Task <831F80A7-0D2A-4AF4-B49C-5A4E14C4CA1F>.<2> now using Connection 2
2026-09-29 16:18:42.297078+0000 0x1a03a    Default     0x0                  40755  0    GitHubStore: (CFNetwork) [com.apple.CFNetwork:Default] Task <1DD1BEFC-A2D2-4B1B-B29D-56B8C9275B19>.<1> sent request, body N 0
2026-09-29 16:18:42.297089+0000 0x1a03a    Default     0x0                  40755  0    GitHubStore: (CFNetwork) [com.apple.CFNetwork:Default] Task <5D04ED21-4772-4112-9A87-595DF1A47544>.<3> sent request, body N 0
2026-09-29 16:18:42.297095+0000 0x1a03a    Default     0x0                  40755  0    GitHubStore: (CFNetwork) [com.apple.CFNetwork:Default] Task <831F80A7-0D2A-4AF4-B49C-5A4E14C4CA1F>.<2> sent request, body N 0
2026-09-29 16:18:42.308162+0000 0x1a062    Activity    0x47a39              40755  0    GitHubStore: (Metal) Metal Compiling Shader
2026-09-29 16:18:42.309881+0000 0x1a062    Activity    0x47a3a              40755  0    GitHubStore: (Metal) Metal Compiling Shader
2026-09-29 16:18:42.367274+0000 0x1a040    Default     0x0                  40755  0    GitHubStore: (CFNetwork) [com.apple.CFNetwork:Default] Task <831F80A7-0D2A-4AF4-B49C-5A4E14C4CA1F>.<2> received response, status 200 content K
2026-09-29 16:18:42.388594+0000 0x1a040    Default     0x0                  40755  0    GitHubStore: (CFNetwork) [com.apple.CFNetwork:Default] Task <1DD1BEFC-A2D2-4B1B-B29D-56B8C9275B19>.<1> received response, status 200 content K
2026-09-29 16:18:42.388632+0000 0x1a040    Default     0x0                  40755  0    GitHubStore: (CFNetwork) [com.apple.CFNetwork:Default] Task <831F80A7-0D2A-4AF4-B49C-5A4E14C4CA1F>.<2> done using Connection 2
2026-09-29 16:18:42.388982+0000 0x1a040    Default     0x0                  40755  0    GitHubStore: (CFNetwork) [com.apple.CFNetwork:Default] Task <831F80A7-0D2A-4AF4-B49C-5A4E14C4CA1F>.<2> response ended
2026-09-29 16:18:42.389072+0000 0x1a042    Default     0x0                  40755  0    GitHubStore: (CFNetwork) [com.apple.CFNetwork:Summary] Task <831F80A7-0D2A-4AF4-B49C-5A4E14C4CA1F>.<2> summary for task success {transaction_duration_ms=291, response_status=200, connection=2, reused=1, reused_after_ms=0, request_start_ms=198, request_duration_ms=0, response_start_ms=269, response_duration_ms=21, request_bytes=33, request_throughput_kbps=2968, response_bytes=20947, response_throughput_kbps=7676, cache_hit=false}
2026-09-29 16:18:42.389102+0000 0x1a042    Default     0x0                  40755  0    GitHubStore: (CFNetwork) [com.apple.CFNetwork:Default] Task <831F80A7-0D2A-4AF4-B49C-5A4E14C4CA1F>.<2> finished successfully
2026-09-29 16:18:42.397201+0000 0x1a040    Default     0x0                  40755  0    GitHubStore: (CFNetwork) [com.apple.CFNetwork:Default] Task <5D04ED21-4772-4112-9A87-595DF1A47544>.<3> received response, status 200 content K
2026-09-29 16:18:42.397326+0000 0x1a040    Default     0x0                  40755  0    GitHubStore: (CFNetwork) [com.apple.CFNetwork:Default] Task <1DD1BEFC-A2D2-4B1B-B29D-56B8C9275B19>.<1> done using Connection 2
2026-09-29 16:18:42.398532+0000 0x1a040    Default     0x0                  40755  0    GitHubStore: (CFNetwork) [com.apple.CFNetwork:Default] Task <1DD1BEFC-A2D2-4B1B-B29D-56B8C9275B19>.<1> response ended
2026-09-29 16:18:42.398772+0000 0x1a042    Default     0x0                  40755  0    GitHubStore: (CFNetwork) [com.apple.CFNetwork:Summary] Task <1DD1BEFC-A2D2-4B1B-B29D-56B8C9275B19>.<1> summary for task success {transaction_duration_ms=300, response_status=200, connection=2, protocol="h2", domain_lookup_duration_ms=44, connect_duration_ms=125, secure_connection_duration_ms=110, private_relay=false, request_start_ms=199, request_duration_ms=0, response_start_ms=290, response_duration_ms=10, request_bytes=111, request_throughput_kbps=12014, response_bytes=10984, response_throughput_kbps=8703, cache_hit=false}
2026-09-29 16:18:42.398851+0000 0x1a042    Default     0x0                  40755  0    GitHubStore: (CFNetwork) [com.apple.CFNetwork:Default] Task <1DD1BEFC-A2D2-4B1B-B29D-56B8C9275B19>.<1> finished successfully
2026-09-29 16:18:42.821906+0000 0x1a043    Default     0x0                  40755  0    GitHubStore: (CFNetwork) [com.apple.CFNetwork:Default] Task <5D04ED21-4772-4112-9A87-595DF1A47544>.<3> done using Connection 2
2026-09-29 16:18:42.821958+0000 0x1a043    Default     0x0                  40755  0    GitHubStore: (Network) [com.apple.network:connection] [C2] event: client:connection_idle @0.717s
2026-09-29 16:18:42.822043+0000 0x1a043    Default     0x0                  40755  0    GitHubStore: (Network) [com.apple.network:connection] nw_protocol_socket_notify [C2.1.1.1:3] nw_protocol_notification_type_connection_idle is true
2026-09-29 16:18:42.822081+0000 0x1a043    Default     0x0                  40755  0    GitHubStore: (CFNetwork) [com.apple.CFNetwork:Default] Task <5D04ED21-4772-4112-9A87-595DF1A47544>.<3> response ended
2026-09-29 16:18:42.822296+0000 0x1a043    Default     0x0                  40755  0    GitHubStore: (CFNetwork) [com.apple.CFNetwork:Summary] Task <5D04ED21-4772-4112-9A87-595DF1A47544>.<3> summary for task success {transaction_duration_ms=724, response_status=200, connection=2, reused=1, reused_after_ms=0, request_start_ms=199, request_duration_ms=0, response_start_ms=299, response_duration_ms=425, request_bytes=32, request_throughput_kbps=3050, response_bytes=209374, response_throughput_kbps=3940, cache_hit=false}
2026-09-29 16:18:42.822335+0000 0x1a043    Default     0x0                  40755  0    GitHubStore: (CFNetwork) [com.apple.CFNetwork:Default] Task <5D04ED21-4772-4112-9A87-595DF1A47544>.<3> finished successfully
2026-09-29 16:18:43.042196+0000 0x1a075    Default     0x0                  40755  0    GitHubStore: (CFNetwork) [com.apple.CFNetwork:Default] Task <009EA2C3-8C96-4B13-A67C-9E3613E9D21F>.<52> resuming, timeouts(179769313486231570814527423731704356798070567525844996598917476803157260780028538760589558632766878171540458953514382464234321326889464182768467546703537516986049910576551282076245490090389328944075868508455133942304583236903222948165808559332123348274797826204144723168738177180919299881250404026184124858368.0, 604800.0) qos(0x15) voucher((null)) activity(00000000-0000-0000-0000-000000000000)
2026-09-29 16:18:43.043914+0000 0x19f58    Default     0x0                  40755  0    GitHubStore: (Network) [com.apple.network:connection] [C1] event: client:connection_reused @8.433s
2026-09-29 16:18:43.044034+0000 0x19f58    Default     0x0                  40755  0    GitHubStore: (Network) [com.apple.network:connection] nw_protocol_socket_notify [C1.1.1.1:3] nw_protocol_notification_type_connection_idle is false
2026-09-29 16:18:43.044115+0000 0x19f58    Default     0x0                  40755  0    GitHubStore: (CFNetwork) [com.apple.CFNetwork:Default] Task <009EA2C3-8C96-4B13-A67C-9E3613E9D21F>.<52> now using Connection 1
2026-09-29 16:18:43.044249+0000 0x19f58    Default     0x0                  40755  0    GitHubStore: (CFNetwork) [com.apple.CFNetwork:Default] Task <009EA2C3-8C96-4B13-A67C-9E3613E9D21F>.<52> sent request, body N 0
2026-09-29 16:18:45.356876+0000 0x1a045    Default     0x0                  40755  0    GitHubStore: (CFNetwork) [com.apple.CFNetwork:Default] Task <009EA2C3-8C96-4B13-A67C-9E3613E9D21F>.<52> received response, status 200 content U
2026-09-29 16:18:45.398863+0000 0x1a042    Default     0x0                  40755  0    GitHubStore: (CFNetwork) [com.apple.CFNetwork:Default] Task <009EA2C3-8C96-4B13-A67C-9E3613E9D21F>.<52> done using Connection 1
2026-09-29 16:18:45.398904+0000 0x1a042    Default     0x0                  40755  0    GitHubStore: (Network) [com.apple.network:connection] [C1] event: client:connection_idle @10.788s
2026-09-29 16:18:45.398978+0000 0x1a042    Default     0x0                  40755  0    GitHubStore: (Network) [com.apple.network:connection] nw_protocol_socket_notify [C1.1.1.1:3] nw_protocol_notification_type_connection_idle is true
2026-09-29 16:18:45.399135+0000 0x1a042    Default     0x0                  40755  0    GitHubStore: (CFNetwork) [com.apple.CFNetwork:Default] Task <009EA2C3-8C96-4B13-A67C-9E3613E9D21F>.<52> response ended
2026-09-29 16:18:45.399380+0000 0x1a042    Default     0x0                  40755  0    GitHubStore: (CFNetwork) [com.apple.CFNetwork:Summary] Task <009EA2C3-8C96-4B13-A67C-9E3613E9D21F>.<52> summary for task success {transaction_duration_ms=2355, response_status=200, connection=1, reused=1, reused_after_ms=943, request_start_ms=0, request_duration_ms=0, response_start_ms=2313, response_duration_ms=42, request_bytes=118, request_throughput_kbps=10257, response_bytes=65283, response_throughput_kbps=12317, cache_hit=false}
2026-09-29 16:18:45.431987+0000 0x1a042    Default     0x0                  40755  0    GitHubStore: (CFNetwork) [com.apple.CFNetwork:Default] Task <009EA2C3-8C96-4B13-A67C-9E3613E9D21F>.<52> finished successfully
2026-09-29 16:18:45.587079+0000 0x1a067    Default     0x0                  40755  0    GitHubStore: (CFNetwork) [com.apple.CFNetwork:Default] Task <A71793D3-9414-4016-8E70-CC3004EB4CFA>.<53> resuming, timeouts(179769313486231570814527423731704356798070567525844996598917476803157260780028538760589558632766878171540458953514382464234321326889464182768467546703537516986049910576551282076245490090389328944075868508455133942304583236903222948165808559332123348274797826204144723168738177180919299881250404026184124858368.0, 604800.0) qos(0x15) voucher((null)) activity(00000000-0000-0000-0000-000000000000)
2026-09-29 16:18:45.587297+0000 0x1a06a    Default     0x0                  40755  0    GitHubStore: (CFNetwork) [com.apple.CFNetwork:Default] Task <7480C4A4-F4EC-4922-B02B-EB9789962BD8>.<54> resuming, timeouts(179769313486231570814527423731704356798070567525844996598917476803157260780028538760589558632766878171540458953514382464234321326889464182768467546703537516986049910576551282076245490090389328944075868508455133942304583236903222948165808559332123348274797826204144723168738177180919299881250404026184124858368.0, 604800.0) qos(0x15) voucher((null)) activity(00000000-0000-0000-0000-000000000000)
2026-09-29 16:18:45.587440+0000 0x1a074    Default     0x0                  40755  0    GitHubStore: (CFNetwork) [com.apple.CFNetwork:Default] Task <BFFA253E-B18C-4CFF-88B0-E662DDEB74C5>.<55> resuming, timeouts(179769313486231570814527423731704356798070567525844996598917476803157260780028538760589558632766878171540458953514382464234321326889464182768467546703537516986049910576551282076245490090389328944075868508455133942304583236903222948165808559332123348274797826204144723168738177180919299881250404026184124858368.0, 604800.0) qos(0x15) voucher((null)) activity(00000000-0000-0000-0000-000000000000)
2026-09-29 16:18:45.587582+0000 0x19f76    Default     0x0                  40755  0    GitHubStore: (CFNetwork) [com.apple.CFNetwork:Default] Task <8D6BF1D7-4991-4A20-AD91-81D7479FAC23>.<56> resuming, timeouts(179769313486231570814527423731704356798070567525844996598917476803157260780028538760589558632766878171540458953514382464234321326889464182768467546703537516986049910576551282076245490090389328944075868508455133942304583236903222948165808559332123348274797826204144723168738177180919299881250404026184124858368.0, 604800.0) qos(0x15) voucher((null)) activity(00000000-0000-0000-0000-000000000000)
2026-09-29 16:18:45.587712+0000 0x1a075    Default     0x0                  40755  0    GitHubStore: (CFNetwork) [com.apple.CFNetwork:Default] Task <0DD75E0F-C1F8-4EC6-BFCA-412C6373AF5B>.<57> resuming, timeouts(179769313486231570814527423731704356798070567525844996598917476803157260780028538760589558632766878171540458953514382464234321326889464182768467546703537516986049910576551282076245490090389328944075868508455133942304583236903222948165808559332123348274797826204144723168738177180919299881250404026184124858368.0, 604800.0) qos(0x15) voucher((null)) activity(00000000-0000-0000-0000-000000000000)
2026-09-29 16:18:45.587855+0000 0x1a068    Default     0x0                  40755  0    GitHubStore: (CFNetwork) [com.apple.CFNetwork:Default] Task <CC6877D7-C1A3-4F70-A3B8-7E46C6ED6F59>.<58> resuming, timeouts(179769313486231570814527423731704356798070567525844996598917476803157260780028538760589558632766878171540458953514382464234321326889464182768467546703537516986049910576551282076245490090389328944075868508455133942304583236903222948165808559332123348274797826204144723168738177180919299881250404026184124858368.0, 604800.0) qos(0x15) voucher((null)) activity(00000000-0000-0000-0000-000000000000)
2026-09-29 16:18:45.590017+0000 0x1a066    Default     0x0                  40755  0    GitHubStore: (CFNetwork) [com.apple.CFNetwork:Default] Task <9ED40523-F13D-464C-B023-40E615391291>.<59> resuming, timeouts(179769313486231570814527423731704356798070567525844996598917476803157260780028538760589558632766878171540458953514382464234321326889464182768467546703537516986049910576551282076245490090389328944075868508455133942304583236903222948165808559332123348274797826204144723168738177180919299881250404026184124858368.0, 604800.0) qos(0x15) voucher((null)) activity(00000000-0000-0000-0000-000000000000)
2026-09-29 16:18:45.590097+0000 0x1a073    Default     0x0                  40755  0    GitHubStore: (CFNetwork) [com.apple.CFNetwork:Default] Task <6BC96B10-2D92-487B-A5F8-E7FE0C702BEB>.<60> resuming, timeouts(179769313486231570814527423731704356798070567525844996598917476803157260780028538760589558632766878171540458953514382464234321326889464182768467546703537516986049910576551282076245490090389328944075868508455133942304583236903222948165808559332123348274797826204144723168738177180919299881250404026184124858368.0, 604800.0) qos(0x15) voucher((null)) activity(00000000-0000-0000-0000-000000000000)
2026-09-29 16:18:45.590137+0000 0x1a06b    Default     0x0                  40755  0    GitHubStore: (CFNetwork) [com.apple.CFNetwork:Default] Task <82E2D2D1-6B9B-434E-B5FD-AAA42B1EA15E>.<61> resuming, timeouts(179769313486231570814527423731704356798070567525844996598917476803157260780028538760589558632766878171540458953514382464234321326889464182768467546703537516986049910576551282076245490090389328944075868508455133942304583236903222948165808559332123348274797826204144723168738177180919299881250404026184124858368.0, 604800.0) qos(0x15) voucher((null)) activity(00000000-0000-0000-0000-000000000000)
2026-09-29 16:18:45.590221+0000 0x1a071    Default     0x0                  40755  0    GitHubStore: (CFNetwork) [com.apple.CFNetwork:Default] Task <404DDF21-F0C4-4DFD-835D-774F732F3332>.<62> resuming, timeouts(179769313486231570814527423731704356798070567525844996598917476803157260780028538760589558632766878171540458953514382464234321326889464182768467546703537516986049910576551282076245490090389328944075868508455133942304583236903222948165808559332123348274797826204144723168738177180919299881250404026184124858368.0, 604800.0) qos(0x15) voucher((null)) activity(00000000-0000-0000-0000-000000000000)
2026-09-29 16:18:45.590302+0000 0x1a06f    Default     0x0                  40755  0    GitHubStore: (CFNetwork) [com.apple.CFNetwork:Default] Task <24BC136D-980A-496F-864B-29A0FDC77E9F>.<63> resuming, timeouts(179769313486231570814527423731704356798070567525844996598917476803157260780028538760589558632766878171540458953514382464234321326889464182768467546703537516986049910576551282076245490090389328944075868508455133942304583236903222948165808559332123348274797826204144723168738177180919299881250404026184124858368.0, 604800.0) qos(0x15) voucher((null)) activity(00000000-0000-0000-0000-000000000000)
2026-09-29 16:18:45.590304+0000 0x19f6c    Default     0x0                  40755  0    GitHubStore: (CFNetwork) [com.apple.CFNetwork:Default] Task <A1440718-A5E9-4CCF-8F90-676D7317C07E>.<64> resuming, timeouts(179769313486231570814527423731704356798070567525844996598917476803157260780028538760589558632766878171540458953514382464234321326889464182768467546703537516986049910576551282076245490090389328944075868508455133942304583236903222948165808559332123348274797826204144723168738177180919299881250404026184124858368.0, 604800.0) qos(0x15) voucher((null)) activity(00000000-0000-0000-0000-000000000000)
2026-09-29 16:18:45.590389+0000 0x19f73    Default     0x0                  40755  0    GitHubStore: (CFNetwork) [com.apple.CFNetwork:Default] Task <6EF717AB-AB3B-4D03-9922-DA3A7B16D6F9>.<65> resuming, timeouts(179769313486231570814527423731704356798070567525844996598917476803157260780028538760589558632766878171540458953514382464234321326889464182768467546703537516986049910576551282076245490090389328944075868508455133942304583236903222948165808559332123348274797826204144723168738177180919299881250404026184124858368.0, 604800.0) qos(0x15) voucher((null)) activity(00000000-0000-0000-0000-000000000000)
2026-09-29 16:18:45.591436+0000 0x1a2a8    Default     0x0                  40755  0    GitHubStore: (CFNetwork) [com.apple.CFNetwork:Default] Task <6F92B37C-3161-474B-B600-837385A04F37>.<66> resuming, timeouts(179769313486231570814527423731704356798070567525844996598917476803157260780028538760589558632766878171540458953514382464234321326889464182768467546703537516986049910576551282076245490090389328944075868508455133942304583236903222948165808559332123348274797826204144723168738177180919299881250404026184124858368.0, 604800.0) qos(0x15) voucher((null)) activity(00000000-0000-0000-0000-000000000000)
2026-09-29 16:18:45.591572+0000 0x1a2aa    Default     0x0                  40755  0    GitHubStore: (CFNetwork) [com.apple.CFNetwork:Default] Task <2A765E90-70D2-41A6-A36D-C17D58DE4D35>.<67> resuming, timeouts(179769313486231570814527423731704356798070567525844996598917476803157260780028538760589558632766878171540458953514382464234321326889464182768467546703537516986049910576551282076245490090389328944075868508455133942304583236903222948165808559332123348274797826204144723168738177180919299881250404026184124858368.0, 604800.0) qos(0x15) voucher((null)) activity(00000000-0000-0000-0000-000000000000)
2026-09-29 16:18:45.591656+0000 0x1a2ab    Default     0x0                  40755  0    GitHubStore: (CFNetwork) [com.apple.CFNetwork:Default] Task <C2B206C0-F1F8-4AAC-B50B-24918441B22D>.<69> resuming, timeouts(179769313486231570814527423731704356798070567525844996598917476803157260780028538760589558632766878171540458953514382464234321326889464182768467546703537516986049910576551282076245490090389328944075868508455133942304583236903222948165808559332123348274797826204144723168738177180919299881250404026184124858368.0, 604800.0) qos(0x15) voucher((null)) activity(00000000-0000-0000-0000-000000000000)
2026-09-29 16:18:45.591759+0000 0x1a2a9    Default     0x0                  40755  0    GitHubStore: (CFNetwork) [com.apple.CFNetwork:Default] Task <1C40D91A-175D-4E5B-B58C-FBFC91388730>.<68> resuming, timeouts(179769313486231570814527423731704356798070567525844996598917476803157260780028538760589558632766878171540458953514382464234321326889464182768467546703537516986049910576551282076245490090389328944075868508455133942304583236903222948165808559332123348274797826204144723168738177180919299881250404026184124858368.0, 604800.0) qos(0x15) voucher((null)) activity(00000000-0000-0000-0000-000000000000)
2026-09-29 16:18:45.591836+0000 0x1a2ac    Default     0x0                  40755  0    GitHubStore: (CFNetwork) [com.apple.CFNetwork:Default] Task <46628BC2-3BF7-46B1-BDB7-8B098F259A8B>.<70> resuming, timeouts(179769313486231570814527423731704356798070567525844996598917476803157260780028538760589558632766878171540458953514382464234321326889464182768467546703537516986049910576551282076245490090389328944075868508455133942304583236903222948165808559332123348274797826204144723168738177180919299881250404026184124858368.0, 604800.0) qos(0x15) voucher((null)) activity(00000000-0000-0000-0000-000000000000)
2026-09-29 16:18:45.594574+0000 0x1a2b3    Default     0x0                  40755  0    GitHubStore: (CFNetwork) [com.apple.CFNetwork:Default] Task <00DCC8FF-FA27-4D7B-8C2F-ED561E24513A>.<71> resuming, timeouts(179769313486231570814527423731704356798070567525844996598917476803157260780028538760589558632766878171540458953514382464234321326889464182768467546703537516986049910576551282076245490090389328944075868508455133942304583236903222948165808559332123348274797826204144723168738177180919299881250404026184124858368.0, 604800.0) qos(0x15) voucher((null)) activity(00000000-0000-0000-0000-000000000000)
2026-09-29 16:18:45.594725+0000 0x19f79    Default     0x0                  40755  0    GitHubStore: (CFNetwork) [com.apple.CFNetwork:Default] Task <429702BB-DF2D-43AF-B269-F73BBA1C6450>.<72> resuming, timeouts(179769313486231570814527423731704356798070567525844996598917476803157260780028538760589558632766878171540458953514382464234321326889464182768467546703537516986049910576551282076245490090389328944075868508455133942304583236903222948165808559332123348274797826204144723168738177180919299881250404026184124858368.0, 604800.0) qos(0x15) voucher((null)) activity(00000000-0000-0000-0000-000000000000)
2026-09-29 16:18:45.595321+0000 0x1a077    Default     0x0                  40755  0    GitHubStore: (CFNetwork) [com.apple.CFNetwork:Default] Task <59EE90AD-95BC-4AC7-A97C-8069DB0188C3>.<73> resuming, timeouts(179769313486231570814527423731704356798070567525844996598917476803157260780028538760589558632766878171540458953514382464234321326889464182768467546703537516986049910576551282076245490090389328944075868508455133942304583236903222948165808559332123348274797826204144723168738177180919299881250404026184124858368.0, 604800.0) qos(0x15) voucher((null)) activity(00000000-0000-0000-0000-000000000000)
2026-09-29 16:18:45.595484+0000 0x1a076    Default     0x0                  40755  0    GitHubStore: (CFNetwork) [com.apple.CFNetwork:Default] Task <3476484C-4057-4763-A2A3-2C3A1454203E>.<74> resuming, timeouts(179769313486231570814527423731704356798070567525844996598917476803157260780028538760589558632766878171540458953514382464234321326889464182768467546703537516986049910576551282076245490090389328944075868508455133942304583236903222948165808559332123348274797826204144723168738177180919299881250404026184124858368.0, 604800.0) qos(0x15) voucher((null)) activity(00000000-0000-0000-0000-000000000000)
2026-09-29 16:18:45.595559+0000 0x1a065    Default     0x0                  40755  0    GitHubStore: (CFNetwork) [com.apple.CFNetwork:Default] Task <26023021-A8BA-4313-A95E-467BC7C6221D>.<75> resuming, timeouts(179769313486231570814527423731704356798070567525844996598917476803157260780028538760589558632766878171540458953514382464234321326889464182768467546703537516986049910576551282076245490090389328944075868508455133942304583236903222948165808559332123348274797826204144723168738177180919299881250404026184124858368.0, 604800.0) qos(0x15) voucher((null)) activity(00000000-0000-0000-0000-000000000000)
2026-09-29 16:18:45.597294+0000 0x1a070    Default     0x0                  40755  0    GitHubStore: (CFNetwork) [com.apple.CFNetwork:Default] Task <DD97DC00-1A61-4331-AC6C-60975FCF8770>.<76> resuming, timeouts(179769313486231570814527423731704356798070567525844996598917476803157260780028538760589558632766878171540458953514382464234321326889464182768467546703537516986049910576551282076245490090389328944075868508455133942304583236903222948165808559332123348274797826204144723168738177180919299881250404026184124858368.0, 604800.0) qos(0x15) voucher((null)) activity(00000000-0000-0000-0000-000000000000)
2026-09-29 16:18:45.597655+0000 0x1a072    Default     0x0                  40755  0    GitHubStore: (CFNetwork) [com.apple.CFNetwork:Default] Task <017392F5-BF94-41B8-9577-1CE7D408227A>.<77> resuming, timeouts(179769313486231570814527423731704356798070567525844996598917476803157260780028538760589558632766878171540458953514382464234321326889464182768467546703537516986049910576551282076245490090389328944075868508455133942304583236903222948165808559332123348274797826204144723168738177180919299881250404026184124858368.0, 604800.0) qos(0x15) voucher((null)) activity(00000000-0000-0000-0000-000000000000)
2026-09-29 16:18:45.598842+0000 0x1a039    Default     0x0                  40755  0    GitHubStore: (Network) [com.apple.network:connection] [C1] event: client:connection_reused @10.988s
2026-09-29 16:18:45.599898+0000 0x1a039    Default     0x0                  40755  0    GitHubStore: (Network) [com.apple.network:connection] nw_protocol_socket_notify [C1.1.1.1:3] nw_protocol_notification_type_connection_idle is false
2026-09-29 16:18:45.599967+0000 0x1a039    Default     0x0                  40755  0    GitHubStore: (CFNetwork) [com.apple.CFNetwork:Default] Task <A71793D3-9414-4016-8E70-CC3004EB4CFA>.<53> now using Connection 1
2026-09-29 16:18:45.600050+0000 0x1a039    Default     0x0                  40755  0    GitHubStore: (CFNetwork) [com.apple.CFNetwork:Default] Task <7480C4A4-F4EC-4922-B02B-EB9789962BD8>.<54> now using Connection 1
2026-09-29 16:18:45.600116+0000 0x1a039    Default     0x0                  40755  0    GitHubStore: (CFNetwork) [com.apple.CFNetwork:Default] Task <A71793D3-9414-4016-8E70-CC3004EB4CFA>.<53> sent request, body N 0
2026-09-29 16:18:45.600129+0000 0x1a039    Default     0x0                  40755  0    GitHubStore: (CFNetwork) [com.apple.CFNetwork:Default] Task <7480C4A4-F4EC-4922-B02B-EB9789962BD8>.<54> sent request, body N 0
2026-09-29 16:18:45.601748+0000 0x1a039    Default     0x0                  40755  0    GitHubStore: (CFNetwork) [com.apple.CFNetwork:Default] Task <BFFA253E-B18C-4CFF-88B0-E662DDEB74C5>.<55> now using Connection 1
2026-09-29 16:18:45.601833+0000 0x1a039    Default     0x0                  40755  0    GitHubStore: (CFNetwork) [com.apple.CFNetwork:Default] Task <BFFA253E-B18C-4CFF-88B0-E662DDEB74C5>.<55> sent request, body N 0
2026-09-29 16:18:45.607609+0000 0x1a039    Default     0x0                  40755  0    GitHubStore: (CFNetwork) [com.apple.CFNetwork:Default] Task <8D6BF1D7-4991-4A20-AD91-81D7479FAC23>.<56> now using Connection 1
2026-09-29 16:18:45.607692+0000 0x1a039    Default     0x0                  40755  0    GitHubStore: (CFNetwork) [com.apple.CFNetwork:Default] Task <0DD75E0F-C1F8-4EC6-BFCA-412C6373AF5B>.<57> now using Connection 1
2026-09-29 16:18:45.607748+0000 0x1a039    Default     0x0                  40755  0    GitHubStore: (CFNetwork) [com.apple.CFNetwork:Default] Task <CC6877D7-C1A3-4F70-A3B8-7E46C6ED6F59>.<58> now using Connection 1
2026-09-29 16:18:45.608318+0000 0x1a039    Default     0x0                  40755  0    GitHubStore: (CFNetwork) [com.apple.CFNetwork:Default] Task <9ED40523-F13D-464C-B023-40E615391291>.<59> now using Connection 1
2026-09-29 16:18:45.608415+0000 0x1a039    Default     0x0                  40755  0    GitHubStore: (CFNetwork) [com.apple.CFNetwork:Default] Task <82E2D2D1-6B9B-434E-B5FD-AAA42B1EA15E>.<61> now using Connection 1
2026-09-29 16:18:45.608781+0000 0x1a039    Default     0x0                  40755  0    GitHubStore: (CFNetwork) [com.apple.CFNetwork:Default] Task <24BC136D-980A-496F-864B-29A0FDC77E9F>.<63> now using Connection 1
2026-09-29 16:18:45.608897+0000 0x1a039    Default     0x0                  40755  0    GitHubStore: (CFNetwork) [com.apple.CFNetwork:Default] Task <8D6BF1D7-4991-4A20-AD91-81D7479FAC23>.<56> sent request, body N 0
2026-09-29 16:18:45.608910+0000 0x1a039    Default     0x0                  40755  0    GitHubStore: (CFNetwork) [com.apple.CFNetwork:Default] Task <0DD75E0F-C1F8-4EC6-BFCA-412C6373AF5B>.<57> sent request, body N 0
2026-09-29 16:18:45.608918+0000 0x1a039    Default     0x0                  40755  0    GitHubStore: (CFNetwork) [com.apple.CFNetwork:Default] Task <CC6877D7-C1A3-4F70-A3B8-7E46C6ED6F59>.<58> sent request, body N 0
2026-09-29 16:18:45.608924+0000 0x1a039    Default     0x0                  40755  0    GitHubStore: (CFNetwork) [com.apple.CFNetwork:Default] Task <9ED40523-F13D-464C-B023-40E615391291>.<59> sent request, body N 0
2026-09-29 16:18:45.608930+0000 0x1a039    Default     0x0                  40755  0    GitHubStore: (CFNetwork) [com.apple.CFNetwork:Default] Task <82E2D2D1-6B9B-434E-B5FD-AAA42B1EA15E>.<61> sent request, body N 0
2026-09-29 16:18:45.608934+0000 0x1a039    Default     0x0                  40755  0    GitHubStore: (CFNetwork) [com.apple.CFNetwork:Default] Task <24BC136D-980A-496F-864B-29A0FDC77E9F>.<63> sent request, body N 0
2026-09-29 16:18:45.618701+0000 0x1a039    Default     0x0                  40755  0    GitHubStore: (CFNetwork) [com.apple.CFNetwork:Default] Task <A1440718-A5E9-4CCF-8F90-676D7317C07E>.<64> now using Connection 1
2026-09-29 16:18:45.618798+0000 0x1a039    Default     0x0                  40755  0    GitHubStore: (CFNetwork) [com.apple.CFNetwork:Default] Task <46628BC2-3BF7-46B1-BDB7-8B098F259A8B>.<70> now using Connection 1
2026-09-29 16:18:45.618856+0000 0x1a039    Default     0x0                  40755  0    GitHubStore: (CFNetwork) [com.apple.CFNetwork:Default] Task <1C40D91A-175D-4E5B-B58C-FBFC91388730>.<68> now using Connection 1
2026-09-29 16:18:45.618911+0000 0x1a039    Default     0x0                  40755  0    GitHubStore: (CFNetwork) [com.apple.CFNetwork:Default] Task <404DDF21-F0C4-4DFD-835D-774F732F3332>.<62> now using Connection 1
2026-09-29 16:18:45.618951+0000 0x1a039    Default     0x0                  40755  0    GitHubStore: (CFNetwork) [com.apple.CFNetwork:Default] Task <6BC96B10-2D92-487B-A5F8-E7FE0C702BEB>.<60> now using Connection 1
2026-09-29 16:18:45.618990+0000 0x1a039    Default     0x0                  40755  0    GitHubStore: (CFNetwork) [com.apple.CFNetwork:Default] Task <2A765E90-70D2-41A6-A36D-C17D58DE4D35>.<67> now using Connection 1
2026-09-29 16:18:45.619029+0000 0x1a039    Default     0x0                  40755  0    GitHubStore: (CFNetwork) [com.apple.CFNetwork:Default] Task <429702BB-DF2D-43AF-B269-F73BBA1C6450>.<72> now using Connection 1
2026-09-29 16:18:45.619074+0000 0x1a039    Default     0x0                  40755  0    GitHubStore: (CFNetwork) [com.apple.CFNetwork:Default] Task <26023021-A8BA-4313-A95E-467BC7C6221D>.<75> now using Connection 1
2026-09-29 16:18:45.619123+0000 0x1a039    Default     0x0                  40755  0    GitHubStore: (CFNetwork) [com.apple.CFNetwork:Default] Task <3476484C-4057-4763-A2A3-2C3A1454203E>.<74> now using Connection 1
2026-09-29 16:18:45.619167+0000 0x1a039    Default     0x0                  40755  0    GitHubStore: (CFNetwork) [com.apple.CFNetwork:Default] Task <00DCC8FF-FA27-4D7B-8C2F-ED561E24513A>.<71> now using Connection 1
2026-09-29 16:18:45.619210+0000 0x1a039    Default     0x0                  40755  0    GitHubStore: (CFNetwork) [com.apple.CFNetwork:Default] Task <C2B206C0-F1F8-4AAC-B50B-24918441B22D>.<69> now using Connection 1
2026-09-29 16:18:45.619247+0000 0x1a039    Default     0x0                  40755  0    GitHubStore: (CFNetwork) [com.apple.CFNetwork:Default] Task <6EF717AB-AB3B-4D03-9922-DA3A7B16D6F9>.<65> now using Connection 1
2026-09-29 16:18:45.619281+0000 0x1a039    Default     0x0                  40755  0    GitHubStore: (CFNetwork) [com.apple.CFNetwork:Default] Task <017392F5-BF94-41B8-9577-1CE7D408227A>.<77> now using Connection 1
2026-09-29 16:18:45.619322+0000 0x1a039    Default     0x0                  40755  0    GitHubStore: (CFNetwork) [com.apple.CFNetwork:Default] Task <DD97DC00-1A61-4331-AC6C-60975FCF8770>.<76> now using Connection 1
2026-09-29 16:18:45.619389+0000 0x1a039    Default     0x0                  40755  0    GitHubStore: (CFNetwork) [com.apple.CFNetwork:Default] Task <59EE90AD-95BC-4AC7-A97C-8069DB0188C3>.<73> now using Connection 1
2026-09-29 16:18:45.619434+0000 0x1a039    Default     0x0                  40755  0    GitHubStore: (CFNetwork) [com.apple.CFNetwork:Default] Task <6F92B37C-3161-474B-B600-837385A04F37>.<66> now using Connection 1
2026-09-29 16:18:45.619608+0000 0x1a039    Default     0x0                  40755  0    GitHubStore: (CFNetwork) [com.apple.CFNetwork:Default] Task <A1440718-A5E9-4CCF-8F90-676D7317C07E>.<64> sent request, body N 0
2026-09-29 16:18:45.619622+0000 0x1a039    Default     0x0                  40755  0    GitHubStore: (CFNetwork) [com.apple.CFNetwork:Default] Task <46628BC2-3BF7-46B1-BDB7-8B098F259A8B>.<70> sent request, body N 0
2026-09-29 16:18:45.619628+0000 0x1a039    Default     0x0                  40755  0    GitHubStore: (CFNetwork) [com.apple.CFNetwork:Default] Task <1C40D91A-175D-4E5B-B58C-FBFC91388730>.<68> sent request, body N 0
2026-09-29 16:18:45.619634+0000 0x1a039    Default     0x0                  40755  0    GitHubStore: (CFNetwork) [com.apple.CFNetwork:Default] Task <404DDF21-F0C4-4DFD-835D-774F732F3332>.<62> sent request, body N 0
2026-09-29 16:18:45.619640+0000 0x1a039    Default     0x0                  40755  0    GitHubStore: (CFNetwork) [com.apple.CFNetwork:Default] Task <6BC96B10-2D92-487B-A5F8-E7FE0C702BEB>.<60> sent request, body N 0
2026-09-29 16:18:45.619645+0000 0x1a039    Default     0x0                  40755  0    GitHubStore: (CFNetwork) [com.apple.CFNetwork:Default] Task <2A765E90-70D2-41A6-A36D-C17D58DE4D35>.<67> sent request, body N 0
2026-09-29 16:18:45.619651+0000 0x1a039    Default     0x0                  40755  0    GitHubStore: (CFNetwork) [com.apple.CFNetwork:Default] Task <429702BB-DF2D-43AF-B269-F73BBA1C6450>.<72> sent request, body N 0
2026-09-29 16:18:45.620419+0000 0x1a039    Default     0x0                  40755  0    GitHubStore: (CFNetwork) [com.apple.CFNetwork:Default] Task <26023021-A8BA-4313-A95E-467BC7C6221D>.<75> sent request, body N 0
2026-09-29 16:18:45.620439+0000 0x1a039    Default     0x0                  40755  0    GitHubStore: (CFNetwork) [com.apple.CFNetwork:Default] Task <3476484C-4057-4763-A2A3-2C3A1454203E>.<74> sent request, body N 0
2026-09-29 16:18:45.620621+0000 0x1a039    Default     0x0                  40755  0    GitHubStore: (CFNetwork) [com.apple.CFNetwork:Default] Task <00DCC8FF-FA27-4D7B-8C2F-ED561E24513A>.<71> sent request, body N 0
2026-09-29 16:18:45.620631+0000 0x1a039    Default     0x0                  40755  0    GitHubStore: (CFNetwork) [com.apple.CFNetwork:Default] Task <C2B206C0-F1F8-4AAC-B50B-24918441B22D>.<69> sent request, body N 0
2026-09-29 16:18:45.620644+0000 0x1a039    Default     0x0                  40755  0    GitHubStore: (CFNetwork) [com.apple.CFNetwork:Default] Task <6EF717AB-AB3B-4D03-9922-DA3A7B16D6F9>.<65> sent request, body N 0
2026-09-29 16:18:45.620649+0000 0x1a039    Default     0x0                  40755  0    GitHubStore: (CFNetwork) [com.apple.CFNetwork:Default] Task <017392F5-BF94-41B8-9577-1CE7D408227A>.<77> sent request, body N 0
2026-09-29 16:18:45.620653+0000 0x1a039    Default     0x0                  40755  0    GitHubStore: (CFNetwork) [com.apple.CFNetwork:Default] Task <DD97DC00-1A61-4331-AC6C-60975FCF8770>.<76> sent request, body N 0
2026-09-29 16:18:45.620843+0000 0x1a039    Default     0x0                  40755  0    GitHubStore: (CFNetwork) [com.apple.CFNetwork:Default] Task <59EE90AD-95BC-4AC7-A97C-8069DB0188C3>.<73> sent request, body N 0
2026-09-29 16:18:45.620859+0000 0x1a039    Default     0x0                  40755  0    GitHubStore: (CFNetwork) [com.apple.CFNetwork:Default] Task <6F92B37C-3161-474B-B600-837385A04F37>.<66> sent request, body N 0
2026-09-29 16:18:45.685359+0000 0x1a039    Default     0x0                  40755  0    GitHubStore: (CFNetwork) [com.apple.CFNetwork:Default] Task <1C40D91A-175D-4E5B-B58C-FBFC91388730>.<68> received response, status 403 content K
2026-09-29 16:18:45.685433+0000 0x1a039    Default     0x0                  40755  0    GitHubStore: (CFNetwork) [com.apple.CFNetwork:Default] Task <A1440718-A5E9-4CCF-8F90-676D7317C07E>.<64> received response, status 403 content K
2026-09-29 16:18:45.685482+0000 0x1a039    Default     0x0                  40755  0    GitHubStore: (CFNetwork) [com.apple.CFNetwork:Default] Task <1C40D91A-175D-4E5B-B58C-FBFC91388730>.<68> done using Connection 1
2026-09-29 16:18:45.685506+0000 0x1a039    Default     0x0                  40755  0    GitHubStore: (CFNetwork) [com.apple.CFNetwork:Default] Task <A1440718-A5E9-4CCF-8F90-676D7317C07E>.<64> done using Connection 1
2026-09-29 16:18:45.685689+0000 0x1a039    Default     0x0                  40755  0    GitHubStore: (CFNetwork) [com.apple.CFNetwork:Default] Task <1C40D91A-175D-4E5B-B58C-FBFC91388730>.<68> response ended
2026-09-29 16:18:45.685716+0000 0x1a039    Default     0x0                  40755  0    GitHubStore: (CFNetwork) [com.apple.CFNetwork:Default] Task <A1440718-A5E9-4CCF-8F90-676D7317C07E>.<64> response ended
2026-09-29 16:18:45.685909+0000 0x1a039    Default     0x0                  40755  0    GitHubStore: (CFNetwork) [com.apple.CFNetwork:Default] Task <00DCC8FF-FA27-4D7B-8C2F-ED561E24513A>.<71> received response, status 403 content K
2026-09-29 16:18:45.685982+0000 0x1a039    Default     0x0                  40755  0    GitHubStore: (CFNetwork) [com.apple.CFNetwork:Default] Task <429702BB-DF2D-43AF-B269-F73BBA1C6450>.<72> received response, status 403 content K
2026-09-29 16:18:45.686025+0000 0x1a039    Default     0x0                  40755  0    GitHubStore: (CFNetwork) [com.apple.CFNetwork:Default] Task <6EF717AB-AB3B-4D03-9922-DA3A7B16D6F9>.<65> received response, status 403 content K
2026-09-29 16:18:45.686303+0000 0x1a042    Default     0x0                  40755  0    GitHubStore: (CFNetwork) [com.apple.CFNetwork:Summary] Task <A1440718-A5E9-4CCF-8F90-676D7317C07E>.<64> summary for task success {transaction_duration_ms=76, response_status=403, connection=1, reused=1, reused_after_ms=0, request_start_ms=9, request_duration_ms=0, response_start_ms=75, response_duration_ms=0, request_bytes=54, request_throughput_kbps=2716, response_bytes=1198, response_throughput_kbps=29853, cache_hit=false}
2026-09-29 16:18:45.686604+0000 0x1a039    Default     0x0                  40755  0    GitHubStore: (CFNetwork) [com.apple.CFNetwork:Default] Task <00DCC8FF-FA27-4D7B-8C2F-ED561E24513A>.<71> done using Connection 1
2026-09-29 16:18:45.686737+0000 0x1a042    Default     0x0                  40755  0    GitHubStore: (CFNetwork) [com.apple.CFNetwork:Default] Task <A1440718-A5E9-4CCF-8F90-676D7317C07E>.<64> finished successfully
2026-09-29 16:18:45.686748+0000 0x1a039    Default     0x0                  40755  0    GitHubStore: (CFNetwork) [com.apple.CFNetwork:Default] Task <429702BB-DF2D-43AF-B269-F73BBA1C6450>.<72> done using Connection 1
2026-09-29 16:18:45.686845+0000 0x1a042    Default     0x0                  40755  0    GitHubStore: (CFNetwork) [com.apple.CFNetwork:Summary] Task <1C40D91A-175D-4E5B-B58C-FBFC91388730>.<68> summary for task success {transaction_duration_ms=77, response_status=403, connection=1, reused=1, reused_after_ms=0, request_start_ms=9, request_duration_ms=0, response_start_ms=75, response_duration_ms=0, request_bytes=53, request_throughput_kbps=2422, response_bytes=1198, response_throughput_kbps=24020, cache_hit=false}
2026-09-29 16:18:45.686918+0000 0x1a039    Default     0x0                  40755  0    GitHubStore: (CFNetwork) [com.apple.CFNetwork:Default] Task <6EF717AB-AB3B-4D03-9922-DA3A7B16D6F9>.<65> done using Connection 1
2026-09-29 16:18:45.687020+0000 0x1a042    Default     0x0                  40755  0    GitHubStore: (CFNetwork) [com.apple.CFNetwork:Default] Task <1C40D91A-175D-4E5B-B58C-FBFC91388730>.<68> finished successfully
2026-09-29 16:18:45.687578+0000 0x1a039    Default     0x0                  40755  0    GitHubStore: (CFNetwork) [com.apple.CFNetwork:Default] Task <00DCC8FF-FA27-4D7B-8C2F-ED561E24513A>.<71> response ended
2026-09-29 16:18:45.707211+0000 0x19f4a    Default     0x0                  40755  1    GitHubStore: (UIKitCore) [com.apple.UIKit:KeyWindow] UIWindowScene: 0x10bd065e0: Window became key in scene: ComposeAppandroidx.compose.ui.scene.LayersWindow20: 0x10bb7c5f0; contextId: 0xCC3D88B6: reason: UIWindowScene: 0x10bd065e0: Window requested to become key in scene: 0x10bb7c5f0
2026-09-29 16:18:45.707479+0000 0x19f4a    Default     0x0                  40755  1    GitHubStore: (UIKitCore) [com.apple.UIKit:KeyWindow] Key window needs update: 1; currentKeyWindowScene: 0x10bd065e0; evaluatedKeyWindowScene: 0x10bd065e0; currentApplicationKeyWindow: 0x10bb0d870; evaluatedApplicationKeyWindow: 0x10bb7c5f0; reason: UIWindowScene: 0x10bd065e0: Window requested to become key in scene: 0x10bb7c5f0
2026-09-29 16:18:45.707648+0000 0x19f4a    Default     0x0                  40755  1    GitHubStore: (UIKitCore) [com.apple.UIKit:KeyWindow] Window did become application key: ComposeAppandroidx.compose.ui.scene.LayersWindow20: 0x10bb7c5f0; contextId: 0xCC3D88B6; scene identity: com.apple.frontboard.systemappservices/FBSceneManager:sceneID%3Azed.rainxch.githubstore-default
2026-09-29 16:18:45.707816+0000 0x19f4a    Default     0x0                  40755  1    GitHubStore: (UIKitCore) [com.apple.UIKit:EventDeferring] [0x60000290fb10] Beginning and ending local event deferring requested for token: 0x60000260aee0; environments: 1; reason: UIWindowScene: 0x10bd065e0: Begin event deferring in keyboardFocus for window: 0x10bb7c5f0
2026-09-29 16:18:45.707900+0000 0x19f4a    Default     0x0                  40755  1    GitHubStore: (UIKitCore) [com.apple.UIKit:EventDeferring] [0x60000290fb10] Begin local event deferring requested for token: 0x600002635d40; environments: 1; reason: UIWindowScene: 0x10bd065e0: Begin event deferring in keyboardFocus for window: 0x10bb7c5f0
2026-09-29 16:18:45.708452+0000 0x19f4a    Default     0x0                  40755  1    GitHubStore: (UIKitCore) [com.apple.UIKit:KeyWindow] Window resigning application key: UIWindow: 0x10bb0d870; contextId: 0x6149BB93; scene identity: com.apple.frontboard.systemappservices/FBSceneManager:sceneID%3Azed.rainxch.githubstore-default
2026-09-29 16:18:45.709477+0000 0x19f4a    Default     0x0                  40755  0    GitHubStore: (UIKitCore) [com.apple.UIKit:KeyboardSceneDelegate] Reloading input views for key-window scene responder: <(null): 0x0; > force:N
2026-09-29 16:18:45.710663+0000 0x1a039    Default     0x0                  40755  0    GitHubStore: (CFNetwork) [com.apple.CFNetwork:Default] Task <429702BB-DF2D-43AF-B269-F73BBA1C6450>.<72> response ended
2026-09-29 16:18:45.711146+0000 0x1a043    Default     0x0                  40755  0    GitHubStore: (CFNetwork) [com.apple.CFNetwork:Summary] Task <00DCC8FF-FA27-4D7B-8C2F-ED561E24513A>.<71> summary for task success {transaction_duration_ms=101, response_status=403, connection=1, reused=1, reused_after_ms=0, request_start_ms=9, request_duration_ms=1, response_start_ms=75, response_duration_ms=24, request_bytes=56, request_throughput_kbps=386, response_bytes=1198, response_throughput_kbps=386, cache_hit=false}
2026-09-29 16:18:45.711222+0000 0x1a043    Default     0x0                  40755  0    GitHubStore: (CFNetwork) [com.apple.CFNetwork:Default] Task <00DCC8FF-FA27-4D7B-8C2F-ED561E24513A>.<71> finished successfully
2026-09-29 16:18:45.721640+0000 0x19f7c    Default     0x0                  40755  0    GitHubStore: (CFNetwork) [com.apple.CFNetwork:Default] Task <C8B2791C-AB5A-4E93-8E32-6159BC6C87E2>.<78> resuming, timeouts(179769313486231570814527423731704356798070567525844996598917476803157260780028538760589558632766878171540458953514382464234321326889464182768467546703537516986049910576551282076245490090389328944075868508455133942304583236903222948165808559332123348274797826204144723168738177180919299881250404026184124858368.0, 604800.0) qos(0x15) voucher((null)) activity(00000000-0000-0000-0000-000000000000)
2026-09-29 16:18:45.721921+0000 0x1a039    Default     0x0                  40755  0    GitHubStore: (CFNetwork) [com.apple.CFNetwork:Default] Task <6EF717AB-AB3B-4D03-9922-DA3A7B16D6F9>.<65> response ended
2026-09-29 16:18:45.722544+0000 0x1a039    Default     0x0                  40755  0    GitHubStore: (CFNetwork) [com.apple.CFNetwork:Default] Task <017392F5-BF94-41B8-9577-1CE7D408227A>.<77> received response, status 403 content K
2026-09-29 16:18:45.722864+0000 0x1a039    Default     0x0                  40755  0    GitHubStore: (CFNetwork) [com.apple.CFNetwork:Default] Task <6BC96B10-2D92-487B-A5F8-E7FE0C702BEB>.<60> received response, status 403 content K
2026-09-29 16:18:45.723024+0000 0x1a039    Default     0x0                  40755  0    GitHubStore: (CFNetwork) [com.apple.CFNetwork:Default] Task <46628BC2-3BF7-46B1-BDB7-8B098F259A8B>.<70> received response, status 403 content K
2026-09-29 16:18:45.723155+0000 0x1a039    Default     0x0                  40755  0    GitHubStore: (CFNetwork) [com.apple.CFNetwork:Default] Task <2A765E90-70D2-41A6-A36D-C17D58DE4D35>.<67> received response, status 403 content K
2026-09-29 16:18:45.737589+0000 0x1a039    Default     0x0                  40755  0    GitHubStore: (CFNetwork) [com.apple.CFNetwork:Default] Task <3476484C-4057-4763-A2A3-2C3A1454203E>.<74> received response, status 403 content K
2026-09-29 16:18:45.737680+0000 0x1a039    Default     0x0                  40755  0    GitHubStore: (CFNetwork) [com.apple.CFNetwork:Default] Task <6F92B37C-3161-474B-B600-837385A04F37>.<66> received response, status 403 content K
2026-09-29 16:18:45.737739+0000 0x1a039    Default     0x0                  40755  0    GitHubStore: (CFNetwork) [com.apple.CFNetwork:Default] Task <59EE90AD-95BC-4AC7-A97C-8069DB0188C3>.<73> received response, status 403 content K
2026-09-29 16:18:45.737837+0000 0x1a039    Default     0x0                  40755  0    GitHubStore: (CFNetwork) [com.apple.CFNetwork:Default] Task <26023021-A8BA-4313-A95E-467BC7C6221D>.<75> received response, status 403 content K
2026-09-29 16:18:45.737903+0000 0x1a039    Default     0x0                  40755  0    GitHubStore: (CFNetwork) [com.apple.CFNetwork:Default] Task <DD97DC00-1A61-4331-AC6C-60975FCF8770>.<76> received response, status 403 content K
2026-09-29 16:18:45.738062+0000 0x1a039    Default     0x0                  40755  0    GitHubStore: (CFNetwork) [com.apple.CFNetwork:Default] Task <C2B206C0-F1F8-4AAC-B50B-24918441B22D>.<69> received response, status 403 content K
2026-09-29 16:18:45.738471+0000 0x1a043    Default     0x0                  40755  0    GitHubStore: (CFNetwork) [com.apple.CFNetwork:Summary] Task <429702BB-DF2D-43AF-B269-F73BBA1C6450>.<72> summary for task success {transaction_duration_ms=128, response_status=403, connection=1, reused=1, reused_after_ms=0, request_start_ms=9, request_duration_ms=0, response_start_ms=76, response_duration_ms=35, request_bytes=59, request_throughput_kbps=2433, response_bytes=1198, response_throughput_kbps=266, cache_hit=false}
2026-09-29 16:18:45.738575+0000 0x19f77    Default     0x0                  40755  0    GitHubStore: (CFNetwork) [com.apple.CFNetwork:Default] Task <3915CE66-1069-4B59-85CC-850804B4E4ED>.<79> resuming, timeouts(179769313486231570814527423731704356798070567525844996598917476803157260780028538760589558632766878171540458953514382464234321326889464182768467546703537516986049910576551282076245490090389328944075868508455133942304583236903222948165808559332123348274797826204144723168738177180919299881250404026184124858368.0, 604800.0) qos(0x15) voucher((null)) activity(00000000-0000-0000-0000-000000000000)
2026-09-29 16:18:45.739747+0000 0x1a06b    Default     0x0                  40755  0    GitHubStore: (CFNetwork) [com.apple.CFNetwork:Default] Task <88650BA6-54B5-4C39-8944-668619B0FABC>.<80> resuming, timeouts(179769313486231570814527423731704356798070567525844996598917476803157260780028538760589558632766878171540458953514382464234321326889464182768467546703537516986049910576551282076245490090389328944075868508455133942304583236903222948165808559332123348274797826204144723168738177180919299881250404026184124858368.0, 604800.0) qos(0x15) voucher((null)) activity(00000000-0000-0000-0000-000000000000)
2026-09-29 16:18:45.740520+0000 0x1a039    Default     0x0                  40755  0    GitHubStore: (CFNetwork) [com.apple.CFNetwork:Default] Task <017392F5-BF94-41B8-9577-1CE7D408227A>.<77> done using Connection 1
2026-09-29 16:18:45.740612+0000 0x1a043    Default     0x0                  40755  0    GitHubStore: (CFNetwork) [com.apple.CFNetwork:Default] Task <429702BB-DF2D-43AF-B269-F73BBA1C6450>.<72> finished successfully
2026-09-29 16:18:45.740679+0000 0x1a039    Default     0x0                  40755  0    GitHubStore: (CFNetwork) [com.apple.CFNetwork:Default] Task <6BC96B10-2D92-487B-A5F8-E7FE0C702BEB>.<60> done using Connection 1
2026-09-29 16:18:45.740756+0000 0x1a043    Default     0x0                  40755  0    GitHubStore: (CFNetwork) [com.apple.CFNetwork:Summary] Task <6EF717AB-AB3B-4D03-9922-DA3A7B16D6F9>.<65> summary for task success {transaction_duration_ms=130, response_status=403, connection=1, reused=1, reused_after_ms=0, request_start_ms=9, request_duration_ms=1, response_start_ms=76, response_duration_ms=35, request_bytes=55, request_throughput_kbps=372, response_bytes=1198, response_throughput_kbps=266, cache_hit=false}
2026-09-29 16:18:45.743075+0000 0x1a039    Default     0x0                  40755  0    GitHubStore: (CFNetwork) [com.apple.CFNetwork:Default] Task <46628BC2-3BF7-46B1-BDB7-8B098F259A8B>.<70> done using Connection 1
2026-09-29 16:18:45.743092+0000 0x1a043    Default     0x0                  40755  0    GitHubStore: (CFNetwork) [com.apple.CFNetwork:Default] Task <6EF717AB-AB3B-4D03-9922-DA3A7B16D6F9>.<65> finished successfully
2026-09-29 16:18:45.752975+0000 0x1a062    Activity    0x47a3b              40755  0    GitHubStore: (Metal) Metal Compiling Shader
2026-09-29 16:18:45.765944+0000 0x1a041    Activity    0x47a3c              40755  0    GitHubStore: (Metal) Metal Compiling Shader
2026-09-29 16:18:45.775213+0000 0x1a039    Default     0x0                  40755  0    GitHubStore: (CFNetwork) [com.apple.CFNetwork:Default] Task <2A765E90-70D2-41A6-A36D-C17D58DE4D35>.<67> done using Connection 1
2026-09-29 16:18:45.810499+0000 0x1a042    Activity    0x47a3d              40755  0    GitHubStore: (Metal) Metal Compiling Shader
2026-09-29 16:18:45.814358+0000 0x1a041    Activity    0x47a3e              40755  0    GitHubStore: (Metal) Metal Compiling Shader
2026-09-29 16:18:45.824021+0000 0x1a039    Default     0x0                  40755  0    GitHubStore: (CFNetwork) [com.apple.CFNetwork:Default] Task <3476484C-4057-4763-A2A3-2C3A1454203E>.<74> done using Connection 1
2026-09-29 16:18:45.824045+0000 0x1a039    Default     0x0                  40755  0    GitHubStore: (CFNetwork) [com.apple.CFNetwork:Default] Task <6F92B37C-3161-474B-B600-837385A04F37>.<66> done using Connection 1
2026-09-29 16:18:45.824057+0000 0x1a039    Default     0x0                  40755  0    GitHubStore: (CFNetwork) [com.apple.CFNetwork:Default] Task <59EE90AD-95BC-4AC7-A97C-8069DB0188C3>.<73> done using Connection 1
2026-09-29 16:18:45.824074+0000 0x1a039    Default     0x0                  40755  0    GitHubStore: (CFNetwork) [com.apple.CFNetwork:Default] Task <26023021-A8BA-4313-A95E-467BC7C6221D>.<75> done using Connection 1
2026-09-29 16:18:45.824084+0000 0x1a039    Default     0x0                  40755  0    GitHubStore: (CFNetwork) [com.apple.CFNetwork:Default] Task <DD97DC00-1A61-4331-AC6C-60975FCF8770>.<76> done using Connection 1
2026-09-29 16:18:45.824093+0000 0x1a039    Default     0x0                  40755  0    GitHubStore: (CFNetwork) [com.apple.CFNetwork:Default] Task <C2B206C0-F1F8-4AAC-B50B-24918441B22D>.<69> done using Connection 1
2026-09-29 16:18:45.885142+0000 0x19f7b    Default     0x0                  40755  0    GitHubStore: (CFNetwork) [com.apple.CFNetwork:Default] Task <8A1260E3-1AB6-4009-AC90-705B7233CBB6>.<81> resuming, timeouts(179769313486231570814527423731704356798070567525844996598917476803157260780028538760589558632766878171540458953514382464234321326889464182768467546703537516986049910576551282076245490090389328944075868508455133942304583236903222948165808559332123348274797826204144723168738177180919299881250404026184124858368.0, 604800.0) qos(0x15) voucher((null)) activity(00000000-0000-0000-0000-000000000000)
2026-09-29 16:18:45.885574+0000 0x1a2be    Default     0x0                  40755  0    GitHubStore: (CFNetwork) [com.apple.CFNetwork:Default] Task <22436FF9-D73A-4264-9C22-3EABCF5FCF70>.<82> resuming, timeouts(179769313486231570814527423731704356798070567525844996598917476803157260780028538760589558632766878171540458953514382464234321326889464182768467546703537516986049910576551282076245490090389328944075868508455133942304583236903222948165808559332123348274797826204144723168738177180919299881250404026184124858368.0, 604800.0) qos(0x15) voucher((null)) activity(00000000-0000-0000-0000-000000000000)
2026-09-29 16:18:45.885745+0000 0x1a039    Default     0x0                  40755  0    GitHubStore: (CFNetwork) [com.apple.CFNetwork:Default] Task <017392F5-BF94-41B8-9577-1CE7D408227A>.<77> response ended
2026-09-29 16:18:45.885777+0000 0x1a039    Default     0x0                  40755  0    GitHubStore: (CFNetwork) [com.apple.CFNetwork:Default] Task <6BC96B10-2D92-487B-A5F8-E7FE0C702BEB>.<60> response ended
2026-09-29 16:18:45.885796+0000 0x1a039    Default     0x0                  40755  0    GitHubStore: (CFNetwork) [com.apple.CFNetwork:Default] Task <46628BC2-3BF7-46B1-BDB7-8B098F259A8B>.<70> response ended
2026-09-29 16:18:45.885808+0000 0x1a039    Default     0x0                  40755  0    GitHubStore: (CFNetwork) [com.apple.CFNetwork:Default] Task <2A765E90-70D2-41A6-A36D-C17D58DE4D35>.<67> response ended
2026-09-29 16:18:45.885819+0000 0x1a039    Default     0x0                  40755  0    GitHubStore: (CFNetwork) [com.apple.CFNetwork:Default] Task <3476484C-4057-4763-A2A3-2C3A1454203E>.<74> response ended
2026-09-29 16:18:45.888256+0000 0x1a039    Default     0x0                  40755  0    GitHubStore: (CFNetwork) [com.apple.CFNetwork:Default] Task <6F92B37C-3161-474B-B600-837385A04F37>.<66> response ended
2026-09-29 16:18:45.892807+0000 0x1a039    Default     0x0                  40755  0    GitHubStore: (CFNetwork) [com.apple.CFNetwork:Default] Task <59EE90AD-95BC-4AC7-A97C-8069DB0188C3>.<73> response ended
2026-09-29 16:18:45.892914+0000 0x1a039    Default     0x0                  40755  0    GitHubStore: (CFNetwork) [com.apple.CFNetwork:Default] Task <26023021-A8BA-4313-A95E-467BC7C6221D>.<75> response ended
2026-09-29 16:18:45.892932+0000 0x1a039    Default     0x0                  40755  0    GitHubStore: (CFNetwork) [com.apple.CFNetwork:Default] Task <DD97DC00-1A61-4331-AC6C-60975FCF8770>.<76> response ended
2026-09-29 16:18:45.892946+0000 0x1a039    Default     0x0                  40755  0    GitHubStore: (CFNetwork) [com.apple.CFNetwork:Default] Task <C2B206C0-F1F8-4AAC-B50B-24918441B22D>.<69> response ended
2026-09-29 16:18:45.896635+0000 0x1a039    Default     0x0                  40755  0    GitHubStore: (CFNetwork) [com.apple.CFNetwork:Default] Task <C8B2791C-AB5A-4E93-8E32-6159BC6C87E2>.<78> now using Connection 1
2026-09-29 16:18:45.914041+0000 0x1a041    Default     0x0                  40755  0    GitHubStore: (CFNetwork) [com.apple.CFNetwork:Summary] Task <017392F5-BF94-41B8-9577-1CE7D408227A>.<77> summary for task success {transaction_duration_ms=304, response_status=403, connection=1, reused=1, reused_after_ms=0, request_start_ms=9, request_duration_ms=1, response_start_ms=112, response_duration_ms=163, request_bytes=51, request_throughput_kbps=344, response_bytes=1198, response_throughput_kbps=58, cache_hit=false}
2026-09-29 16:18:45.914482+0000 0x1a041    Default     0x0                  40755  0    GitHubStore: (CFNetwork) [com.apple.CFNetwork:Default] Task <017392F5-BF94-41B8-9577-1CE7D408227A>.<77> finished successfully
2026-09-29 16:18:45.917926+0000 0x1a047    Default     0x0                  40755  0    GitHubStore: (CFNetwork) [com.apple.CFNetwork:Summary] Task <6BC96B10-2D92-487B-A5F8-E7FE0C702BEB>.<60> summary for task success {transaction_duration_ms=308, response_status=403, connection=1, reused=1, reused_after_ms=0, request_start_ms=9, request_duration_ms=0, response_start_ms=112, response_duration_ms=163, request_bytes=62, request_throughput_kbps=2694, response_bytes=1198, response_throughput_kbps=58, cache_hit=false}
2026-09-29 16:18:45.918118+0000 0x1a047    Default     0x0                  40755  0    GitHubStore: (CFNetwork) [com.apple.CFNetwork:Default] Task <6BC96B10-2D92-487B-A5F8-E7FE0C702BEB>.<60> finished successfully
2026-09-29 16:18:46.010306+0000 0x1a064    Default     0x0                  40755  0    GitHubStore: (CFNetwork) [com.apple.CFNetwork:Summary] Task <2A765E90-70D2-41A6-A36D-C17D58DE4D35>.<67> summary for task success {transaction_duration_ms=400, response_status=403, connection=1, reused=1, reused_after_ms=0, request_start_ms=9, request_duration_ms=0, response_start_ms=113, response_duration_ms=162, request_bytes=60, request_throughput_kbps=2540, response_bytes=1198, response_throughput_kbps=58, cache_hit=false}
2026-09-29 16:18:46.011165+0000 0x1a064    Default     0x0                  40755  0    GitHubStore: (CFNetwork) [com.apple.CFNetwork:Default] Task <2A765E90-70D2-41A6-A36D-C17D58DE4D35>.<67> finished successfully
2026-09-29 16:18:46.011246+0000 0x1a064    Default     0x0                  40755  0    GitHubStore: (CFNetwork) [com.apple.CFNetwork:Summary] Task <46628BC2-3BF7-46B1-BDB7-8B098F259A8B>.<70> summary for task success {transaction_duration_ms=401, response_status=403, connection=1, reused=1, reused_after_ms=0, request_start_ms=9, request_duration_ms=0, response_start_ms=113, response_duration_ms=162, request_bytes=57, request_throughput_kbps=2667, response_bytes=1198, response_throughput_kbps=58, cache_hit=false}
2026-09-29 16:18:46.011293+0000 0x1a064    Default     0x0                  40755  0    GitHubStore: (CFNetwork) [com.apple.CFNetwork:Default] Task <46628BC2-3BF7-46B1-BDB7-8B098F259A8B>.<70> finished successfully
2026-09-29 16:18:46.016097+0000 0x1a064    Default     0x0                  40755  0    GitHubStore: (CFNetwork) [com.apple.CFNetwork:Summary] Task <3476484C-4057-4763-A2A3-2C3A1454203E>.<74> summary for task success {transaction_duration_ms=406, response_status=403, connection=1, reused=1, reused_after_ms=0, request_start_ms=9, request_duration_ms=0, response_start_ms=127, response_duration_ms=150, request_bytes=52, request_throughput_kbps=425, response_bytes=1198, response_throughput_kbps=63, cache_hit=false}
2026-09-29 16:18:46.016204+0000 0x1a064    Default     0x0                  40755  0    GitHubStore: (CFNetwork) [com.apple.CFNetwork:Default] Task <3476484C-4057-4763-A2A3-2C3A1454203E>.<74> finished successfully
2026-09-29 16:18:46.106821+0000 0x1a2bc    Default     0x0                  40755  0    GitHubStore: (CFNetwork) [com.apple.CFNetwork:Default] Task <DE94CB44-415F-4099-9DF8-9298CA17AAA4>.<83> resuming, timeouts(179769313486231570814527423731704356798070567525844996598917476803157260780028538760589558632766878171540458953514382464234321326889464182768467546703537516986049910576551282076245490090389328944075868508455133942304583236903222948165808559332123348274797826204144723168738177180919299881250404026184124858368.0, 604800.0) qos(0x15) voucher((null)) activity(00000000-0000-0000-0000-000000000000)
2026-09-29 16:18:46.106973+0000 0x1a06c    Default     0x0                  40755  0    GitHubStore: (CFNetwork) [com.apple.CFNetwork:Default] Task <D0B2E5E1-0885-4660-9D56-70EFEA80B70A>.<84> resuming, timeouts(179769313486231570814527423731704356798070567525844996598917476803157260780028538760589558632766878171540458953514382464234321326889464182768467546703537516986049910576551282076245490090389328944075868508455133942304583236903222948165808559332123348274797826204144723168738177180919299881250404026184124858368.0, 604800.0) qos(0x15) voucher((null)) activity(00000000-0000-0000-0000-000000000000)
2026-09-29 16:18:46.111335+0000 0x1a06b    Default     0x0                  40755  0    GitHubStore: (CFNetwork) [com.apple.CFNetwork:Default] Task <C3C730D1-12A0-4AAB-93A7-C6D63B7053E9>.<85> resuming, timeouts(179769313486231570814527423731704356798070567525844996598917476803157260780028538760589558632766878171540458953514382464234321326889464182768467546703537516986049910576551282076245490090389328944075868508455133942304583236903222948165808559332123348274797826204144723168738177180919299881250404026184124858368.0, 604800.0) qos(0x15) voucher((null)) activity(00000000-0000-0000-0000-000000000000)
2026-09-29 16:18:46.133179+0000 0x19f7b    Default     0x0                  40755  0    GitHubStore: (CFNetwork) [com.apple.CFNetwork:Default] Task <E8DDC728-4E66-40D6-890A-1F5CB269BADD>.<86> resuming, timeouts(179769313486231570814527423731704356798070567525844996598917476803157260780028538760589558632766878171540458953514382464234321326889464182768467546703537516986049910576551282076245490090389328944075868508455133942304583236903222948165808559332123348274797826204144723168738177180919299881250404026184124858368.0, 604800.0) qos(0x15) voucher((null)) activity(00000000-0000-0000-0000-000000000000)
2026-09-29 16:18:46.135392+0000 0x1a064    Default     0x0                  40755  0    GitHubStore: (CFNetwork) [com.apple.CFNetwork:Summary] Task <26023021-A8BA-4313-A95E-467BC7C6221D>.<75> summary for task success {transaction_duration_ms=525, response_status=403, connection=1, reused=1, reused_after_ms=0, request_start_ms=9, request_duration_ms=0, response_start_ms=127, response_duration_ms=155, request_bytes=56, request_throughput_kbps=467, response_bytes=1198, response_throughput_kbps=61, cache_hit=false}
2026-09-29 16:18:46.135655+0000 0x1a064    Default     0x0                  40755  0    GitHubStore: (CFNetwork) [com.apple.CFNetwork:Default] Task <26023021-A8BA-4313-A95E-467BC7C6221D>.<75> finished successfully
2026-09-29 16:18:46.136120+0000 0x1a064    Default     0x0                  40755  0    GitHubStore: (CFNetwork) [com.apple.CFNetwork:Summary] Task <DD97DC00-1A61-4331-AC6C-60975FCF8770>.<76> summary for task success {transaction_duration_ms=526, response_status=403, connection=1, reused=1, reused_after_ms=0, request_start_ms=9, request_duration_ms=1, response_start_ms=127, response_duration_ms=155, request_bytes=52, request_throughput_kbps=349, response_bytes=1198, response_throughput_kbps=61, cache_hit=false}
2026-09-29 16:18:46.136204+0000 0x1a064    Default     0x0                  40755  0    GitHubStore: (CFNetwork) [com.apple.CFNetwork:Default] Task <DD97DC00-1A61-4331-AC6C-60975FCF8770>.<76> finished successfully
2026-09-29 16:18:46.136261+0000 0x1a064    Default     0x0                  40755  0    GitHubStore: (CFNetwork) [com.apple.CFNetwork:Summary] Task <C2B206C0-F1F8-4AAC-B50B-24918441B22D>.<69> summary for task success {transaction_duration_ms=526, response_status=403, connection=1, reused=1, reused_after_ms=0, request_start_ms=9, request_duration_ms=1, response_start_ms=127, response_duration_ms=155, request_bytes=48, request_throughput_kbps=328, response_bytes=1198, response_throughput_kbps=61, cache_hit=false}
2026-09-29 16:18:46.136309+0000 0x1a064    Default     0x0                  40755  0    GitHubStore: (CFNetwork) [com.apple.CFNetwork:Default] Task <C2B206C0-F1F8-4AAC-B50B-24918441B22D>.<69> finished successfully
2026-09-29 16:18:46.136328+0000 0x1a064    Default     0x0                  40755  0    GitHubStore: (CFNetwork) [com.apple.CFNetwork:Summary] Task <6F92B37C-3161-474B-B600-837385A04F37>.<66> summary for task success {transaction_duration_ms=526, response_status=403, connection=1, reused=1, reused_after_ms=0, request_start_ms=9, request_duration_ms=1, response_start_ms=127, response_duration_ms=150, request_bytes=50, request_throughput_kbps=287, response_bytes=1198, response_throughput_kbps=63, cache_hit=false}
2026-09-29 16:18:46.136345+0000 0x1a064    Default     0x0                  40755  0    GitHubStore: (CFNetwork) [com.apple.CFNetwork:Default] Task <6F92B37C-3161-474B-B600-837385A04F37>.<66> finished successfully
2026-09-29 16:18:46.136357+0000 0x1a064    Default     0x0                  40755  0    GitHubStore: (CFNetwork) [com.apple.CFNetwork:Summary] Task <59EE90AD-95BC-4AC7-A97C-8069DB0188C3>.<73> summary for task success {transaction_duration_ms=526, response_status=403, connection=1, reused=1, reused_after_ms=0, request_start_ms=9, request_duration_ms=1, response_start_ms=127, response_duration_ms=155, request_bytes=48, request_throughput_kbps=278, response_bytes=1198, response_throughput_kbps=61, cache_hit=false}
2026-09-29 16:18:46.136372+0000 0x1a064    Default     0x0                  40755  0    GitHubStore: (CFNetwork) [com.apple.CFNetwork:Default] Task <59EE90AD-95BC-4AC7-A97C-8069DB0188C3>.<73> finished successfully
2026-09-29 16:18:46.148349+0000 0x1a039    Default     0x0                  40755  0    GitHubStore: (CFNetwork) [com.apple.CFNetwork:Default] Task <88650BA6-54B5-4C39-8944-668619B0FABC>.<80> now using Connection 1
2026-09-29 16:18:46.151731+0000 0x1a039    Default     0x0                  40755  0    GitHubStore: (CFNetwork) [com.apple.CFNetwork:Default] Task <3915CE66-1069-4B59-85CC-850804B4E4ED>.<79> now using Connection 1
2026-09-29 16:18:46.151921+0000 0x1a039    Default     0x0                  40755  0    GitHubStore: (CFNetwork) [com.apple.CFNetwork:Default] Task <8A1260E3-1AB6-4009-AC90-705B7233CBB6>.<81> now using Connection 1
2026-09-29 16:18:46.154638+0000 0x19f76    Default     0x0                  40755  0    GitHubStore: (CFNetwork) [com.apple.CFNetwork:Default] Task <21144B9F-00EF-455F-86F9-2830335F02C8>.<87> resuming, timeouts(179769313486231570814527423731704356798070567525844996598917476803157260780028538760589558632766878171540458953514382464234321326889464182768467546703537516986049910576551282076245490090389328944075868508455133942304583236903222948165808559332123348274797826204144723168738177180919299881250404026184124858368.0, 604800.0) qos(0x15) voucher((null)) activity(00000000-0000-0000-0000-000000000000)
2026-09-29 16:18:46.154666+0000 0x1a075    Default     0x0                  40755  0    GitHubStore: (CFNetwork) [com.apple.CFNetwork:Default] Task <13430059-AFBD-4E6E-9CB9-429A8F068047>.<88> resuming, timeouts(179769313486231570814527423731704356798070567525844996598917476803157260780028538760589558632766878171540458953514382464234321326889464182768467546703537516986049910576551282076245490090389328944075868508455133942304583236903222948165808559332123348274797826204144723168738177180919299881250404026184124858368.0, 604800.0) qos(0x15) voucher((null)) activity(00000000-0000-0000-0000-000000000000)
2026-09-29 16:18:46.156088+0000 0x1a2b0    Default     0x0                  40755  0    GitHubStore: (CFNetwork) [com.apple.CFNetwork:Default] Task <12DD5845-572B-4B6F-82A1-144CB38207C6>.<89> resuming, timeouts(179769313486231570814527423731704356798070567525844996598917476803157260780028538760589558632766878171540458953514382464234321326889464182768467546703537516986049910576551282076245490090389328944075868508455133942304583236903222948165808559332123348274797826204144723168738177180919299881250404026184124858368.0, 604800.0) qos(0x15) voucher((null)) activity(00000000-0000-0000-0000-000000000000)
2026-09-29 16:18:46.156096+0000 0x1a2ae    Default     0x0                  40755  0    GitHubStore: (CFNetwork) [com.apple.CFNetwork:Default] Task <96EBE80B-55F9-4F81-8514-79C64FBBA023>.<90> resuming, timeouts(179769313486231570814527423731704356798070567525844996598917476803157260780028538760589558632766878171540458953514382464234321326889464182768467546703537516986049910576551282076245490090389328944075868508455133942304583236903222948165808559332123348274797826204144723168738177180919299881250404026184124858368.0, 604800.0) qos(0x15) voucher((null)) activity(00000000-0000-0000-0000-000000000000)
2026-09-29 16:18:46.156290+0000 0x1a2ad    Default     0x0                  40755  0    GitHubStore: (CFNetwork) [com.apple.CFNetwork:Default] Task <72A3DC01-6CBB-4B60-A156-65030E4B0C09>.<91> resuming, timeouts(179769313486231570814527423731704356798070567525844996598917476803157260780028538760589558632766878171540458953514382464234321326889464182768467546703537516986049910576551282076245490090389328944075868508455133942304583236903222948165808559332123348274797826204144723168738177180919299881250404026184124858368.0, 604800.0) qos(0x15) voucher((null)) activity(00000000-0000-0000-0000-000000000000)
2026-09-29 16:18:46.157499+0000 0x1a039    Default     0x0                  40755  0    GitHubStore: (CFNetwork) [com.apple.CFNetwork:Default] Task <22436FF9-D73A-4264-9C22-3EABCF5FCF70>.<82> now using Connection 1
2026-09-29 16:18:46.157722+0000 0x1a039    Default     0x0                  40755  0    GitHubStore: (CFNetwork) [com.apple.CFNetwork:Default] Task <D0B2E5E1-0885-4660-9D56-70EFEA80B70A>.<84> now using Connection 1
2026-09-29 16:18:46.157782+0000 0x1a039    Default     0x0                  40755  0    GitHubStore: (CFNetwork) [com.apple.CFNetwork:Default] Task <E8DDC728-4E66-40D6-890A-1F5CB269BADD>.<86> now using Connection 1
2026-09-29 16:18:46.157834+0000 0x1a039    Default     0x0                  40755  0    GitHubStore: (CFNetwork) [com.apple.CFNetwork:Default] Task <C3C730D1-12A0-4AAB-93A7-C6D63B7053E9>.<85> now using Connection 1
2026-09-29 16:18:46.157873+0000 0x1a039    Default     0x0                  40755  0    GitHubStore: (CFNetwork) [com.apple.CFNetwork:Default] Task <DE94CB44-415F-4099-9DF8-9298CA17AAA4>.<83> now using Connection 1
2026-09-29 16:18:46.158380+0000 0x1a2b7    Default     0x0                  40755  0    GitHubStore: (CFNetwork) [com.apple.CFNetwork:Default] Task <B865D85B-DEAB-4EB2-BD64-8E80475D5499>.<92> resuming, timeouts(179769313486231570814527423731704356798070567525844996598917476803157260780028538760589558632766878171540458953514382464234321326889464182768467546703537516986049910576551282076245490090389328944075868508455133942304583236903222948165808559332123348274797826204144723168738177180919299881250404026184124858368.0, 604800.0) qos(0x15) voucher((null)) activity(00000000-0000-0000-0000-000000000000)
2026-09-29 16:18:46.158810+0000 0x1a039    Default     0x0                  40755  0    GitHubStore: (CFNetwork) [com.apple.CFNetwork:Default] Task <24BC136D-980A-496F-864B-29A0FDC77E9F>.<63> received response, status 200 content K
2026-09-29 16:18:46.158886+0000 0x1a039    Default     0x0                  40755  0    GitHubStore: (CFNetwork) [com.apple.CFNetwork:Default] Task <7480C4A4-F4EC-4922-B02B-EB9789962BD8>.<54> received response, status 200 content K
2026-09-29 16:18:46.159218+0000 0x1a039    Default     0x0                  40755  0    GitHubStore: (CFNetwork) [com.apple.CFNetwork:Default] Task <9ED40523-F13D-464C-B023-40E615391291>.<59> received response, status 200 content K
2026-09-29 16:18:46.159306+0000 0x1a039    Default     0x0                  40755  0    GitHubStore: (CFNetwork) [com.apple.CFNetwork:Default] Task <0DD75E0F-C1F8-4EC6-BFCA-412C6373AF5B>.<57> received response, status 200 content U
2026-09-29 16:18:46.159358+0000 0x1a039    Default     0x0                  40755  0    GitHubStore: (CFNetwork) [com.apple.CFNetwork:Default] Task <82E2D2D1-6B9B-434E-B5FD-AAA42B1EA15E>.<61> received response, status 200 content U
2026-09-29 16:18:46.159413+0000 0x1a039    Default     0x0                  40755  0    GitHubStore: (CFNetwork) [com.apple.CFNetwork:Default] Task <8D6BF1D7-4991-4A20-AD91-81D7479FAC23>.<56> received response, status 200 content U
2026-09-29 16:18:46.159678+0000 0x1a039    Default     0x0                  40755  0    GitHubStore: (CFNetwork) [com.apple.CFNetwork:Default] Task <A71793D3-9414-4016-8E70-CC3004EB4CFA>.<53> received response, status 200 content U
2026-09-29 16:18:46.160576+0000 0x1a039    Default     0x0                  40755  0    GitHubStore: (CFNetwork) [com.apple.CFNetwork:Default] Task <BFFA253E-B18C-4CFF-88B0-E662DDEB74C5>.<55> received response, status 200 content U
2026-09-29 16:18:46.160734+0000 0x1a039    Default     0x0                  40755  0    GitHubStore: (CFNetwork) [com.apple.CFNetwork:Default] Task <CC6877D7-C1A3-4F70-A3B8-7E46C6ED6F59>.<58> received response, status 200 content U
2026-09-29 16:18:46.160872+0000 0x1a039    Default     0x0                  40755  0    GitHubStore: (CFNetwork) [com.apple.CFNetwork:Default] Task <404DDF21-F0C4-4DFD-835D-774F732F3332>.<62> received response, status 200 content U
2026-09-29 16:18:46.160961+0000 0x1a039    Default     0x0                  40755  0    GitHubStore: (CFNetwork) [com.apple.CFNetwork:Default] Task <C8B2791C-AB5A-4E93-8E32-6159BC6C87E2>.<78> sent request, body N 0
2026-09-29 16:18:46.161022+0000 0x1a039    Default     0x0                  40755  0    GitHubStore: (CFNetwork) [com.apple.CFNetwork:Default] Task <88650BA6-54B5-4C39-8944-668619B0FABC>.<80> sent request, body N 0
2026-09-29 16:18:46.161302+0000 0x1a039    Default     0x0                  40755  0    GitHubStore: (CFNetwork) [com.apple.CFNetwork:Default] Task <3915CE66-1069-4B59-85CC-850804B4E4ED>.<79> sent request, body N 0
2026-09-29 16:18:46.161601+0000 0x1a039    Default     0x0                  40755  0    GitHubStore: (CFNetwork) [com.apple.CFNetwork:Default] Task <8A1260E3-1AB6-4009-AC90-705B7233CBB6>.<81> sent request, body N 0
2026-09-29 16:18:46.161788+0000 0x1a039    Default     0x0                  40755  0    GitHubStore: (CFNetwork) [com.apple.CFNetwork:Default] Task <22436FF9-D73A-4264-9C22-3EABCF5FCF70>.<82> sent request, body N 0
2026-09-29 16:18:46.161974+0000 0x1a039    Default     0x0                  40755  0    GitHubStore: (CFNetwork) [com.apple.CFNetwork:Default] Task <D0B2E5E1-0885-4660-9D56-70EFEA80B70A>.<84> sent request, body N 0
2026-09-29 16:18:46.162103+0000 0x1a039    Default     0x0                  40755  0    GitHubStore: (CFNetwork) [com.apple.CFNetwork:Default] Task <E8DDC728-4E66-40D6-890A-1F5CB269BADD>.<86> sent request, body N 0
2026-09-29 16:18:46.162343+0000 0x1a039    Default     0x0                  40755  0    GitHubStore: (CFNetwork) [com.apple.CFNetwork:Default] Task <C3C730D1-12A0-4AAB-93A7-C6D63B7053E9>.<85> sent request, body N 0
2026-09-29 16:18:46.162633+0000 0x1a039    Default     0x0                  40755  0    GitHubStore: (CFNetwork) [com.apple.CFNetwork:Default] Task <DE94CB44-415F-4099-9DF8-9298CA17AAA4>.<83> sent request, body N 0
2026-09-29 16:18:46.162860+0000 0x1a039    Default     0x0                  40755  0    GitHubStore: (CFNetwork) [com.apple.CFNetwork:Default] Task <24BC136D-980A-496F-864B-29A0FDC77E9F>.<63> done using Connection 1
2026-09-29 16:18:46.163107+0000 0x1a039    Default     0x0                  40755  0    GitHubStore: (CFNetwork) [com.apple.CFNetwork:Default] Task <7480C4A4-F4EC-4922-B02B-EB9789962BD8>.<54> done using Connection 1
2026-09-29 16:18:46.163371+0000 0x1a039    Default     0x0                  40755  0    GitHubStore: (CFNetwork) [com.apple.CFNetwork:Default] Task <9ED40523-F13D-464C-B023-40E615391291>.<59> done using Connection 1
2026-09-29 16:18:46.163983+0000 0x1a039    Default     0x0                  40755  0    GitHubStore: (CFNetwork) [com.apple.CFNetwork:Default] Task <0DD75E0F-C1F8-4EC6-BFCA-412C6373AF5B>.<57> done using Connection 1
2026-09-29 16:18:46.164163+0000 0x1a039    Default     0x0                  40755  0    GitHubStore: (CFNetwork) [com.apple.CFNetwork:Default] Task <82E2D2D1-6B9B-434E-B5FD-AAA42B1EA15E>.<61> done using Connection 1
2026-09-29 16:18:46.164212+0000 0x1a039    Default     0x0                  40755  0    GitHubStore: (CFNetwork) [com.apple.CFNetwork:Default] Task <8D6BF1D7-4991-4A20-AD91-81D7479FAC23>.<56> done using Connection 1
2026-09-29 16:18:46.164302+0000 0x1a039    Default     0x0                  40755  0    GitHubStore: (CFNetwork) [com.apple.CFNetwork:Default] Task <A71793D3-9414-4016-8E70-CC3004EB4CFA>.<53> done using Connection 1
2026-09-29 16:18:46.164394+0000 0x1a039    Default     0x0                  40755  0    GitHubStore: (CFNetwork) [com.apple.CFNetwork:Default] Task <BFFA253E-B18C-4CFF-88B0-E662DDEB74C5>.<55> done using Connection 1
2026-09-29 16:18:46.164546+0000 0x1a039    Default     0x0                  40755  0    GitHubStore: (CFNetwork) [com.apple.CFNetwork:Default] Task <CC6877D7-C1A3-4F70-A3B8-7E46C6ED6F59>.<58> done using Connection 1
2026-09-29 16:18:46.164738+0000 0x1a039    Default     0x0                  40755  0    GitHubStore: (CFNetwork) [com.apple.CFNetwork:Default] Task <404DDF21-F0C4-4DFD-835D-774F732F3332>.<62> done using Connection 1
2026-09-29 16:18:46.177482+0000 0x1a039    Default     0x0                  40755  0    GitHubStore: (CFNetwork) [com.apple.CFNetwork:Default] Task <24BC136D-980A-496F-864B-29A0FDC77E9F>.<63> response ended
2026-09-29 16:18:46.177619+0000 0x1a039    Default     0x0                  40755  0    GitHubStore: (CFNetwork) [com.apple.CFNetwork:Default] Task <7480C4A4-F4EC-4922-B02B-EB9789962BD8>.<54> response ended
2026-09-29 16:18:46.177666+0000 0x1a039    Default     0x0                  40755  0    GitHubStore: (CFNetwork) [com.apple.CFNetwork:Default] Task <9ED40523-F13D-464C-B023-40E615391291>.<59> response ended
2026-09-29 16:18:46.177710+0000 0x1a039    Default     0x0                  40755  0    GitHubStore: (CFNetwork) [com.apple.CFNetwork:Default] Task <0DD75E0F-C1F8-4EC6-BFCA-412C6373AF5B>.<57> response ended
2026-09-29 16:18:46.177752+0000 0x1a039    Default     0x0                  40755  0    GitHubStore: (CFNetwork) [com.apple.CFNetwork:Default] Task <82E2D2D1-6B9B-434E-B5FD-AAA42B1EA15E>.<61> response ended
2026-09-29 16:18:46.177791+0000 0x1a039    Default     0x0                  40755  0    GitHubStore: (CFNetwork) [com.apple.CFNetwork:Default] Task <8D6BF1D7-4991-4A20-AD91-81D7479FAC23>.<56> response ended
2026-09-29 16:18:46.177824+0000 0x1a039    Default     0x0                  40755  0    GitHubStore: (CFNetwork) [com.apple.CFNetwork:Default] Task <A71793D3-9414-4016-8E70-CC3004EB4CFA>.<53> response ended
2026-09-29 16:18:46.177840+0000 0x1a064    Default     0x0                  40755  0    GitHubStore: (CFNetwork) [com.apple.CFNetwork:Summary] Task <24BC136D-980A-496F-864B-29A0FDC77E9F>.<63> summary for task success {transaction_duration_ms=569, response_status=200, connection=1, reused=1, reused_after_ms=0, request_start_ms=0, request_duration_ms=0, response_start_ms=550, response_duration_ms=18, request_bytes=55, request_throughput_kbps=3636, response_bytes=1123, response_throughput_kbps=477, cache_hit=false}
2026-09-29 16:18:46.177942+0000 0x1a039    Default     0x0                  40755  0    GitHubStore: (CFNetwork) [com.apple.CFNetwork:Default] Task <BFFA253E-B18C-4CFF-88B0-E662DDEB74C5>.<55> response ended
2026-09-29 16:18:46.178060+0000 0x1a064    Default     0x0                  40755  0    GitHubStore: (CFNetwork) [com.apple.CFNetwork:Default] Task <24BC136D-980A-496F-864B-29A0FDC77E9F>.<63> finished successfully
2026-09-29 16:18:46.178226+0000 0x1a039    Default     0x0                  40755  0    GitHubStore: (CFNetwork) [com.apple.CFNetwork:Default] Task <CC6877D7-C1A3-4F70-A3B8-7E46C6ED6F59>.<58> response ended
2026-09-29 16:18:46.178815+0000 0x1a064    Default     0x0                  40755  0    GitHubStore: (CFNetwork) [com.apple.CFNetwork:Summary] Task <7480C4A4-F4EC-4922-B02B-EB9789962BD8>.<54> summary for task success {transaction_duration_ms=581, response_status=200, connection=1, reused=1, reused_after_ms=0, request_start_ms=2, request_duration_ms=0, response_start_ms=561, response_duration_ms=18, request_bytes=61, request_throughput_kbps=8405, response_bytes=1123, response_throughput_kbps=477, cache_hit=false}
2026-09-29 16:18:46.179080+0000 0x1a039    Default     0x0                  40755  0    GitHubStore: (CFNetwork) [com.apple.CFNetwork:Default] Task <404DDF21-F0C4-4DFD-835D-774F732F3332>.<62> response ended
2026-09-29 16:18:46.179508+0000 0x1a064    Default     0x0                  40755  0    GitHubStore: (CFNetwork) [com.apple.CFNetwork:Default] Task <7480C4A4-F4EC-4922-B02B-EB9789962BD8>.<54> finished successfully
2026-09-29 16:18:46.180932+0000 0x1a039    Default     0x0                  40755  0    GitHubStore: (CFNetwork) [com.apple.CFNetwork:Default] Task <13430059-AFBD-4E6E-9CB9-429A8F068047>.<88> now using Connection 1
2026-09-29 16:18:46.181210+0000 0x1a039    Default     0x0                  40755  0    GitHubStore: (CFNetwork) [com.apple.CFNetwork:Default] Task <21144B9F-00EF-455F-86F9-2830335F02C8>.<87> now using Connection 1
2026-09-29 16:18:46.181282+0000 0x1a039    Default     0x0                  40755  0    GitHubStore: (CFNetwork) [com.apple.CFNetwork:Default] Task <12DD5845-572B-4B6F-82A1-144CB38207C6>.<89> now using Connection 1
2026-09-29 16:18:46.181331+0000 0x1a039    Default     0x0                  40755  0    GitHubStore: (CFNetwork) [com.apple.CFNetwork:Default] Task <96EBE80B-55F9-4F81-8514-79C64FBBA023>.<90> now using Connection 1
2026-09-29 16:18:46.181414+0000 0x1a064    Default     0x0                  40755  0    GitHubStore: (CFNetwork) [com.apple.CFNetwork:Summary] Task <9ED40523-F13D-464C-B023-40E615391291>.<59> summary for task success {transaction_duration_ms=576, response_status=200, connection=1, reused=1, reused_after_ms=0, request_start_ms=3, request_duration_ms=0, response_start_ms=554, response_duration_ms=18, request_bytes=52, request_throughput_kbps=3646, response_bytes=2971, response_throughput_kbps=1277, cache_hit=false}
2026-09-29 16:18:46.187311+0000 0x1a064    Default     0x0                  40755  0    GitHubStore: (CFNetwork) [com.apple.CFNetwork:Default] Task <9ED40523-F13D-464C-B023-40E615391291>.<59> finished successfully
2026-09-29 16:18:46.187716+0000 0x1a039    Default     0x0                  40755  0    GitHubStore: (CFNetwork) [com.apple.CFNetwork:Default] Task <72A3DC01-6CBB-4B60-A156-65030E4B0C09>.<91> now using Connection 1
2026-09-29 16:18:46.202065+0000 0x1a064    Default     0x0                  40755  0    GitHubStore: (CFNetwork) [com.apple.CFNetwork:Summary] Task <0DD75E0F-C1F8-4EC6-BFCA-412C6373AF5B>.<57> summary for task success {transaction_duration_ms=597, response_status=200, connection=1, reused=1, reused_after_ms=0, request_start_ms=4, request_duration_ms=0, response_start_ms=554, response_duration_ms=18, request_bytes=56, request_throughput_kbps=4436, response_bytes=6484, response_throughput_kbps=2809, cache_hit=false}
2026-09-29 16:18:46.202331+0000 0x19f76    Default     0x0                  40755  0    GitHubStore: (CFNetwork) [com.apple.CFNetwork:Default] Task <CE1CB406-3D74-442A-AB25-57A40B0810AF>.<93> resuming, timeouts(179769313486231570814527423731704356798070567525844996598917476803157260780028538760589558632766878171540458953514382464234321326889464182768467546703537516986049910576551282076245490090389328944075868508455133942304583236903222948165808559332123348274797826204144723168738177180919299881250404026184124858368.0, 604800.0) qos(0x15) voucher((null)) activity(00000000-0000-0000-0000-000000000000)
2026-09-29 16:18:46.202750+0000 0x1a2a8    Default     0x0                  40755  0    GitHubStore: (CFNetwork) [com.apple.CFNetwork:Default] Task <7E95F940-7BA7-421A-9824-19A7D9DC620E>.<94> resuming, timeouts(179769313486231570814527423731704356798070567525844996598917476803157260780028538760589558632766878171540458953514382464234321326889464182768467546703537516986049910576551282076245490090389328944075868508455133942304583236903222948165808559332123348274797826204144723168738177180919299881250404026184124858368.0, 604800.0) qos(0x15) voucher((null)) activity(00000000-0000-0000-0000-000000000000)
2026-09-29 16:18:46.204522+0000 0x1a039    Default     0x0                  40755  0    GitHubStore: (CFNetwork) [com.apple.CFNetwork:Default] Task <B865D85B-DEAB-4EB2-BD64-8E80475D5499>.<92> now using Connection 1
2026-09-29 16:18:46.204925+0000 0x1a2b0    Default     0x0                  40755  0    GitHubStore: (CFNetwork) [com.apple.CFNetwork:Default] Task <F2E787EE-4ACF-4B0A-BD42-1BD9E8F1F347>.<95> resuming, timeouts(179769313486231570814527423731704356798070567525844996598917476803157260780028538760589558632766878171540458953514382464234321326889464182768467546703537516986049910576551282076245490090389328944075868508455133942304583236903222948165808559332123348274797826204144723168738177180919299881250404026184124858368.0, 604800.0) qos(0x15) voucher((null)) activity(00000000-0000-0000-0000-000000000000)
2026-09-29 16:18:46.263719+0000 0x1a064    Default     0x0                  40755  0    GitHubStore: (CFNetwork) [com.apple.CFNetwork:Default] Task <0DD75E0F-C1F8-4EC6-BFCA-412C6373AF5B>.<57> finished successfully
2026-09-29 16:18:46.287543+0000 0x1a064    Default     0x0                  40755  0    GitHubStore: (CFNetwork) [com.apple.CFNetwork:Summary] Task <82E2D2D1-6B9B-434E-B5FD-AAA42B1EA15E>.<61> summary for task success {transaction_duration_ms=680, response_status=200, connection=1, reused=1, reused_after_ms=0, request_start_ms=1, request_duration_ms=0, response_start_ms=552, response_duration_ms=18, request_bytes=48, request_throughput_kbps=3253, response_bytes=4750, response_throughput_kbps=2060, cache_hit=false}
2026-09-29 16:18:46.287779+0000 0x1a064    Default     0x0                  40755  0    GitHubStore: (CFNetwork) [com.apple.CFNetwork:Default] Task <82E2D2D1-6B9B-434E-B5FD-AAA42B1EA15E>.<61> finished successfully
2026-09-29 16:18:46.287998+0000 0x1a064    Default     0x0                  40755  0    GitHubStore: (CFNetwork) [com.apple.CFNetwork:Summary] Task <A71793D3-9414-4016-8E70-CC3004EB4CFA>.<53> summary for task success {transaction_duration_ms=690, response_status=200, connection=1, reused=1, reused_after_ms=200, request_start_ms=2, request_duration_ms=0, response_start_ms=561, response_duration_ms=18, request_bytes=53, request_throughput_kbps=9238, response_bytes=13566, response_throughput_kbps=5938, cache_hit=false}
2026-09-29 16:18:46.288055+0000 0x1a064    Default     0x0                  40755  0    GitHubStore: (CFNetwork) [com.apple.CFNetwork:Default] Task <A71793D3-9414-4016-8E70-CC3004EB4CFA>.<53> finished successfully
2026-09-29 16:18:46.288116+0000 0x1a064    Default     0x0                  40755  0    GitHubStore: (CFNetwork) [com.apple.CFNetwork:Summary] Task <CC6877D7-C1A3-4F70-A3B8-7E46C6ED6F59>.<58> summary for task success {transaction_duration_ms=683, response_status=200, connection=1, reused=1, reused_after_ms=0, request_start_ms=3, request_duration_ms=0, response_start_ms=555, response_duration_ms=18, request_bytes=56, request_throughput_kbps=4148, response_bytes=8536, response_throughput_kbps=3710, cache_hit=false}
2026-09-29 16:18:46.288142+0000 0x1a064    Default     0x0                  40755  0    GitHubStore: (CFNetwork) [com.apple.CFNetwork:Default] Task <CC6877D7-C1A3-4F70-A3B8-7E46C6ED6F59>.<58> finished successfully
2026-09-29 16:18:46.288171+0000 0x1a064    Default     0x0                  40755  0    GitHubStore: (CFNetwork) [com.apple.CFNetwork:Summary] Task <404DDF21-F0C4-4DFD-835D-774F732F3332>.<62> summary for task success {transaction_duration_ms=678, response_status=200, connection=1, reused=1, reused_after_ms=0, request_start_ms=9, request_duration_ms=0, response_start_ms=551, response_duration_ms=18, request_bytes=52, request_throughput_kbps=2311, response_bytes=4810, response_throughput_kbps=2035, cache_hit=false}
2026-09-29 16:18:46.355046+0000 0x1a064    Default     0x0                  40755  0    GitHubStore: (CFNetwork) [com.apple.CFNetwork:Default] Task <404DDF21-F0C4-4DFD-835D-774F732F3332>.<62> finished successfully
2026-09-29 16:18:46.359369+0000 0x1a06f    Default     0x0                  40755  0    GitHubStore: (CFNetwork) [com.apple.CFNetwork:Default] Task <6BE43B00-4BB4-4681-8637-C5CA2E0295AC>.<96> resuming, timeouts(179769313486231570814527423731704356798070567525844996598917476803157260780028538760589558632766878171540458953514382464234321326889464182768467546703537516986049910576551282076245490090389328944075868508455133942304583236903222948165808559332123348274797826204144723168738177180919299881250404026184124858368.0, 604800.0) qos(0x15) voucher((null)) activity(00000000-0000-0000-0000-000000000000)
2026-09-29 16:18:46.359580+0000 0x19f6c    Default     0x0                  40755  0    GitHubStore: (CFNetwork) [com.apple.CFNetwork:Default] Task <666CF0A6-0C12-44CD-A085-CB7B1C43AE06>.<97> resuming, timeouts(179769313486231570814527423731704356798070567525844996598917476803157260780028538760589558632766878171540458953514382464234321326889464182768467546703537516986049910576551282076245490090389328944075868508455133942304583236903222948165808559332123348274797826204144723168738177180919299881250404026184124858368.0, 604800.0) qos(0x15) voucher((null)) activity(00000000-0000-0000-0000-000000000000)
2026-09-29 16:18:46.394434+0000 0x1a2a9    Default     0x0                  40755  0    GitHubStore: (CFNetwork) [com.apple.CFNetwork:Default] Task <134B0C32-A18C-4E64-853C-D71CEC431937>.<98> resuming, timeouts(179769313486231570814527423731704356798070567525844996598917476803157260780028538760589558632766878171540458953514382464234321326889464182768467546703537516986049910576551282076245490090389328944075868508455133942304583236903222948165808559332123348274797826204144723168738177180919299881250404026184124858368.0, 604800.0) qos(0x15) voucher((null)) activity(00000000-0000-0000-0000-000000000000)
2026-09-29 16:18:46.397256+0000 0x1a064    Default     0x0                  40755  0    GitHubStore: (CFNetwork) [com.apple.CFNetwork:Summary] Task <BFFA253E-B18C-4CFF-88B0-E662DDEB74C5>.<55> summary for task success {transaction_duration_ms=796, response_status=200, connection=1, reused=1, reused_after_ms=0, request_start_ms=0, request_duration_ms=0, response_start_ms=559, response_duration_ms=17, request_bytes=52, request_throughput_kbps=7553, response_bytes=13753, response_throughput_kbps=6204, cache_hit=false}
2026-09-29 16:18:46.397540+0000 0x1a064    Default     0x0                  40755  0    GitHubStore: (CFNetwork) [com.apple.CFNetwork:Default] Task <BFFA253E-B18C-4CFF-88B0-E662DDEB74C5>.<55> finished successfully
2026-09-29 16:18:46.410699+0000 0x1a2be    Default     0x0                  40755  0    GitHubStore: (CFNetwork) [com.apple.CFNetwork:Default] Task <7CE77AC7-6DEB-4CD1-8F3B-FF4616E4C5D9>.<99> resuming, timeouts(179769313486231570814527423731704356798070567525844996598917476803157260780028538760589558632766878171540458953514382464234321326889464182768467546703537516986049910576551282076245490090389328944075868508455133942304583236903222948165808559332123348274797826204144723168738177180919299881250404026184124858368.0, 604800.0) qos(0x15) voucher((null)) activity(00000000-0000-0000-0000-000000000000)
2026-09-29 16:18:46.410858+0000 0x1a064    Default     0x0                  40755  0    GitHubStore: (CFNetwork) [com.apple.CFNetwork:Summary] Task <8D6BF1D7-4991-4A20-AD91-81D7479FAC23>.<56> summary for task success {transaction_duration_ms=806, response_status=200, connection=1, reused=1, reused_after_ms=0, request_start_ms=4, request_duration_ms=0, response_start_ms=555, response_duration_ms=18, request_bytes=56, request_throughput_kbps=5030, response_bytes=96226, response_throughput_kbps=41771, cache_hit=false}
2026-09-29 16:18:46.430112+0000 0x1a073    Default     0x0                  40755  0    GitHubStore: (CFNetwork) [com.apple.CFNetwork:Default] Task <CBA620E4-3FA5-46E6-AD43-CD0CF5D5C1CF>.<100> resuming, timeouts(179769313486231570814527423731704356798070567525844996598917476803157260780028538760589558632766878171540458953514382464234321326889464182768467546703537516986049910576551282076245490090389328944075868508455133942304583236903222948165808559332123348274797826204144723168738177180919299881250404026184124858368.0, 604800.0) qos(0x15) voucher((null)) activity(00000000-0000-0000-0000-000000000000)
2026-09-29 16:18:46.430387+0000 0x1a064    Default     0x0                  40755  0    GitHubStore: (CFNetwork) [com.apple.CFNetwork:Default] Task <8D6BF1D7-4991-4A20-AD91-81D7479FAC23>.<56> finished successfully
2026-09-29 16:18:46.495691+0000 0x1a039    Default     0x0                  40755  0    GitHubStore: (CFNetwork) [com.apple.CFNetwork:Default] Task <7E95F940-7BA7-421A-9824-19A7D9DC620E>.<94> now using Connection 1
2026-09-29 16:18:46.496125+0000 0x1a039    Default     0x0                  40755  0    GitHubStore: (CFNetwork) [com.apple.CFNetwork:Default] Task <F2E787EE-4ACF-4B0A-BD42-1BD9E8F1F347>.<95> now using Connection 1
2026-09-29 16:18:46.496310+0000 0x1a039    Default     0x0                  40755  0    GitHubStore: (CFNetwork) [com.apple.CFNetwork:Default] Task <CE1CB406-3D74-442A-AB25-57A40B0810AF>.<93> now using Connection 1
2026-09-29 16:18:46.496477+0000 0x1a039    Default     0x0                  40755  0    GitHubStore: (CFNetwork) [com.apple.CFNetwork:Default] Task <6BE43B00-4BB4-4681-8637-C5CA2E0295AC>.<96> now using Connection 1
2026-09-29 16:18:46.496921+0000 0x1a039    Default     0x0                  40755  0    GitHubStore: (CFNetwork) [com.apple.CFNetwork:Default] Task <134B0C32-A18C-4E64-853C-D71CEC431937>.<98> now using Connection 1
2026-09-29 16:18:46.497013+0000 0x1a039    Default     0x0                  40755  0    GitHubStore: (CFNetwork) [com.apple.CFNetwork:Default] Task <666CF0A6-0C12-44CD-A085-CB7B1C43AE06>.<97> now using Connection 1
2026-09-29 16:18:46.497082+0000 0x1a039    Default     0x0                  40755  0    GitHubStore: (CFNetwork) [com.apple.CFNetwork:Default] Task <7CE77AC7-6DEB-4CD1-8F3B-FF4616E4C5D9>.<99> now using Connection 1
2026-09-29 16:18:46.497138+0000 0x1a039    Default     0x0                  40755  0    GitHubStore: (CFNetwork) [com.apple.CFNetwork:Default] Task <CBA620E4-3FA5-46E6-AD43-CD0CF5D5C1CF>.<100> now using Connection 1
2026-09-29 16:18:46.497325+0000 0x1a039    Default     0x0                  40755  0    GitHubStore: (CFNetwork) [com.apple.CFNetwork:Default] Task <13430059-AFBD-4E6E-9CB9-429A8F068047>.<88> sent request, body N 0
2026-09-29 16:18:46.497526+0000 0x1a039    Default     0x0                  40755  0    GitHubStore: (CFNetwork) [com.apple.CFNetwork:Default] Task <21144B9F-00EF-455F-86F9-2830335F02C8>.<87> sent request, body N 0
2026-09-29 16:18:46.497539+0000 0x1a039    Default     0x0                  40755  0    GitHubStore: (CFNetwork) [com.apple.CFNetwork:Default] Task <12DD5845-572B-4B6F-82A1-144CB38207C6>.<89> sent request, body N 0
2026-09-29 16:18:46.497545+0000 0x1a039    Default     0x0                  40755  0    GitHubStore: (CFNetwork) [com.apple.CFNetwork:Default] Task <96EBE80B-55F9-4F81-8514-79C64FBBA023>.<90> sent request, body N 0
2026-09-29 16:18:46.497550+0000 0x1a039    Default     0x0                  40755  0    GitHubStore: (CFNetwork) [com.apple.CFNetwork:Default] Task <72A3DC01-6CBB-4B60-A156-65030E4B0C09>.<91> sent request, body N 0
2026-09-29 16:18:46.497555+0000 0x1a039    Default     0x0                  40755  0    GitHubStore: (CFNetwork) [com.apple.CFNetwork:Default] Task <B865D85B-DEAB-4EB2-BD64-8E80475D5499>.<92> sent request, body N 0
2026-09-29 16:18:46.497562+0000 0x1a039    Default     0x0                  40755  0    GitHubStore: (CFNetwork) [com.apple.CFNetwork:Default] Task <7E95F940-7BA7-421A-9824-19A7D9DC620E>.<94> sent request, body N 0
2026-09-29 16:18:46.497567+0000 0x1a039    Default     0x0                  40755  0    GitHubStore: (CFNetwork) [com.apple.CFNetwork:Default] Task <F2E787EE-4ACF-4B0A-BD42-1BD9E8F1F347>.<95> sent request, body N 0
2026-09-29 16:18:46.497646+0000 0x1a039    Default     0x0                  40755  0    GitHubStore: (CFNetwork) [com.apple.CFNetwork:Default] Task <CE1CB406-3D74-442A-AB25-57A40B0810AF>.<93> sent request, body N 0
2026-09-29 16:18:46.497861+0000 0x1a039    Default     0x0                  40755  0    GitHubStore: (CFNetwork) [com.apple.CFNetwork:Default] Task <6BE43B00-4BB4-4681-8637-C5CA2E0295AC>.<96> sent request, body N 0
2026-09-29 16:18:46.497869+0000 0x1a039    Default     0x0                  40755  0    GitHubStore: (CFNetwork) [com.apple.CFNetwork:Default] Task <134B0C32-A18C-4E64-853C-D71CEC431937>.<98> sent request, body N 0
2026-09-29 16:18:46.497876+0000 0x1a039    Default     0x0                  40755  0    GitHubStore: (CFNetwork) [com.apple.CFNetwork:Default] Task <666CF0A6-0C12-44CD-A085-CB7B1C43AE06>.<97> sent request, body N 0
2026-09-29 16:18:46.497884+0000 0x1a039    Default     0x0                  40755  0    GitHubStore: (CFNetwork) [com.apple.CFNetwork:Default] Task <7CE77AC7-6DEB-4CD1-8F3B-FF4616E4C5D9>.<99> sent request, body N 0
2026-09-29 16:18:46.497892+0000 0x1a039    Default     0x0                  40755  0    GitHubStore: (CFNetwork) [com.apple.CFNetwork:Default] Task <CBA620E4-3FA5-46E6-AD43-CD0CF5D5C1CF>.<100> sent request, body N 0
2026-09-29 16:18:46.498109+0000 0x1a039    Default     0x0                  40755  0    GitHubStore: (CFNetwork) [com.apple.CFNetwork:Default] Task <C8B2791C-AB5A-4E93-8E32-6159BC6C87E2>.<78> received response, status 403 content K
2026-09-29 16:18:46.498221+0000 0x1a039    Default     0x0                  40755  0    GitHubStore: (CFNetwork) [com.apple.CFNetwork:Default] Task <3915CE66-1069-4B59-85CC-850804B4E4ED>.<79> received response, status 403 content K
2026-09-29 16:18:46.498475+0000 0x1a039    Default     0x0                  40755  0    GitHubStore: (CFNetwork) [com.apple.CFNetwork:Default] Task <88650BA6-54B5-4C39-8944-668619B0FABC>.<80> received response, status 403 content K
2026-09-29 16:18:46.498541+0000 0x1a039    Default     0x0                  40755  0    GitHubStore: (CFNetwork) [com.apple.CFNetwork:Default] Task <8A1260E3-1AB6-4009-AC90-705B7233CBB6>.<81> received response, status 403 content K
2026-09-29 16:18:46.498590+0000 0x1a039    Default     0x0                  40755  0    GitHubStore: (CFNetwork) [com.apple.CFNetwork:Default] Task <D0B2E5E1-0885-4660-9D56-70EFEA80B70A>.<84> received response, status 403 content K
2026-09-29 16:18:46.498648+0000 0x1a039    Default     0x0                  40755  0    GitHubStore: (CFNetwork) [com.apple.CFNetwork:Default] Task <E8DDC728-4E66-40D6-890A-1F5CB269BADD>.<86> received response, status 403 content K
2026-09-29 16:18:46.498706+0000 0x1a039    Default     0x0                  40755  0    GitHubStore: (CFNetwork) [com.apple.CFNetwork:Default] Task <DE94CB44-415F-4099-9DF8-9298CA17AAA4>.<83> received response, status 403 content K
2026-09-29 16:18:46.498750+0000 0x1a039    Default     0x0                  40755  0    GitHubStore: (CFNetwork) [com.apple.CFNetwork:Default] Task <C3C730D1-12A0-4AAB-93A7-C6D63B7053E9>.<85> received response, status 403 content K
2026-09-29 16:18:46.498794+0000 0x1a039    Default     0x0                  40755  0    GitHubStore: (CFNetwork) [com.apple.CFNetwork:Default] Task <22436FF9-D73A-4264-9C22-3EABCF5FCF70>.<82> received response, status 403 content K
2026-09-29 16:18:46.498836+0000 0x1a039    Default     0x0                  40755  0    GitHubStore: (CFNetwork) [com.apple.CFNetwork:Default] Task <C8B2791C-AB5A-4E93-8E32-6159BC6C87E2>.<78> done using Connection 1
2026-09-29 16:18:46.498853+0000 0x1a039    Default     0x0                  40755  0    GitHubStore: (CFNetwork) [com.apple.CFNetwork:Default] Task <3915CE66-1069-4B59-85CC-850804B4E4ED>.<79> done using Connection 1
2026-09-29 16:18:46.498863+0000 0x1a039    Default     0x0                  40755  0    GitHubStore: (CFNetwork) [com.apple.CFNetwork:Default] Task <88650BA6-54B5-4C39-8944-668619B0FABC>.<80> done using Connection 1
2026-09-29 16:18:46.498873+0000 0x1a039    Default     0x0                  40755  0    GitHubStore: (CFNetwork) [com.apple.CFNetwork:Default] Task <8A1260E3-1AB6-4009-AC90-705B7233CBB6>.<81> done using Connection 1
2026-09-29 16:18:46.499034+0000 0x1a06a    Default     0x0                  40755  0    GitHubStore: (CFNetwork) [com.apple.CFNetwork:Default] Task <4750EB91-71B0-4CED-8781-D17C9435E8D2>.<101> resuming, timeouts(179769313486231570814527423731704356798070567525844996598917476803157260780028538760589558632766878171540458953514382464234321326889464182768467546703537516986049910576551282076245490090389328944075868508455133942304583236903222948165808559332123348274797826204144723168738177180919299881250404026184124858368.0, 604800.0) qos(0x15) voucher((null)) activity(00000000-0000-0000-0000-000000000000)
2026-09-29 16:18:46.499143+0000 0x1a039    Default     0x0                  40755  0    GitHubStore: (CFNetwork) [com.apple.CFNetwork:Default] Task <D0B2E5E1-0885-4660-9D56-70EFEA80B70A>.<84> done using Connection 1
2026-09-29 16:18:46.499165+0000 0x1a039    Default     0x0                  40755  0    GitHubStore: (CFNetwork) [com.apple.CFNetwork:Default] Task <E8DDC728-4E66-40D6-890A-1F5CB269BADD>.<86> done using Connection 1
2026-09-29 16:18:46.499177+0000 0x1a039    Default     0x0                  40755  0    GitHubStore: (CFNetwork) [com.apple.CFNetwork:Default] Task <DE94CB44-415F-4099-9DF8-9298CA17AAA4>.<83> done using Connection 1
2026-09-29 16:18:46.499187+0000 0x1a039    Default     0x0                  40755  0    GitHubStore: (CFNetwork) [com.apple.CFNetwork:Default] Task <C3C730D1-12A0-4AAB-93A7-C6D63B7053E9>.<85> done using Connection 1
2026-09-29 16:18:46.499306+0000 0x1a039    Default     0x0                  40755  0    GitHubStore: (CFNetwork) [com.apple.CFNetwork:Default] Task <22436FF9-D73A-4264-9C22-3EABCF5FCF70>.<82> done using Connection 1
2026-09-29 16:18:46.499445+0000 0x1a039    Default     0x0                  40755  0    GitHubStore: (CFNetwork) [com.apple.CFNetwork:Default] Task <C8B2791C-AB5A-4E93-8E32-6159BC6C87E2>.<78> response ended
2026-09-29 16:18:46.499476+0000 0x1a039    Default     0x0                  40755  0    GitHubStore: (CFNetwork) [com.apple.CFNetwork:Default] Task <3915CE66-1069-4B59-85CC-850804B4E4ED>.<79> response ended
2026-09-29 16:18:46.499490+0000 0x1a039    Default     0x0                  40755  0    GitHubStore: (CFNetwork) [com.apple.CFNetwork:Default] Task <88650BA6-54B5-4C39-8944-668619B0FABC>.<80> response ended
2026-09-29 16:18:46.499500+0000 0x1a039    Default     0x0                  40755  0    GitHubStore: (CFNetwork) [com.apple.CFNetwork:Default] Task <8A1260E3-1AB6-4009-AC90-705B7233CBB6>.<81> response ended
2026-09-29 16:18:46.499757+0000 0x1a039    Default     0x0                  40755  0    GitHubStore: (CFNetwork) [com.apple.CFNetwork:Default] Task <D0B2E5E1-0885-4660-9D56-70EFEA80B70A>.<84> response ended
2026-09-29 16:18:46.499774+0000 0x1a039    Default     0x0                  40755  0    GitHubStore: (CFNetwork) [com.apple.CFNetwork:Default] Task <E8DDC728-4E66-40D6-890A-1F5CB269BADD>.<86> response ended
2026-09-29 16:18:46.499784+0000 0x1a039    Default     0x0                  40755  0    GitHubStore: (CFNetwork) [com.apple.CFNetwork:Default] Task <DE94CB44-415F-4099-9DF8-9298CA17AAA4>.<83> response ended
2026-09-29 16:18:46.499794+0000 0x1a039    Default     0x0                  40755  0    GitHubStore: (CFNetwork) [com.apple.CFNetwork:Default] Task <C3C730D1-12A0-4AAB-93A7-C6D63B7053E9>.<85> response ended
2026-09-29 16:18:46.499809+0000 0x1a039    Default     0x0                  40755  0    GitHubStore: (CFNetwork) [com.apple.CFNetwork:Default] Task <22436FF9-D73A-4264-9C22-3EABCF5FCF70>.<82> response ended
2026-09-29 16:18:46.500670+0000 0x1a038    Default     0x0                  40755  0    GitHubStore: (CFNetwork) [com.apple.CFNetwork:Summary] Task <C8B2791C-AB5A-4E93-8E32-6159BC6C87E2>.<78> summary for task success {transaction_duration_ms=762, response_status=403, connection=1, reused=1, reused_after_ms=0, request_start_ms=420, request_duration_ms=2, response_start_ms=759, response_duration_ms=1, request_bytes=48, request_throughput_kbps=167, response_bytes=1198, response_throughput_kbps=6811, cache_hit=false}
2026-09-29 16:18:46.500719+0000 0x1a038    Default     0x0                  40755  0    GitHubStore: (CFNetwork) [com.apple.CFNetwork:Default] Task <C8B2791C-AB5A-4E93-8E32-6159BC6C87E2>.<78> finished successfully
2026-09-29 16:18:46.500746+0000 0x1a038    Default     0x0                  40755  0    GitHubStore: (CFNetwork) [com.apple.CFNetwork:Summary] Task <3915CE66-1069-4B59-85CC-850804B4E4ED>.<79> summary for task success {transaction_duration_ms=595, response_status=403, connection=1, reused=1, reused_after_ms=0, request_start_ms=253, request_duration_ms=2, response_start_ms=593, response_duration_ms=1, request_bytes=60, request_throughput_kbps=182, response_bytes=1198, response_throughput_kbps=7383, cache_hit=false}
2026-09-29 16:18:46.500770+0000 0x1a038    Default     0x0                  40755  0    GitHubStore: (CFNetwork) [com.apple.CFNetwork:Default] Task <3915CE66-1069-4B59-85CC-850804B4E4ED>.<79> finished successfully
2026-09-29 16:18:46.500912+0000 0x1a039    Default     0x0                  40755  0    GitHubStore: (CFNetwork) [com.apple.CFNetwork:Default] Task <4750EB91-71B0-4CED-8781-D17C9435E8D2>.<101> now using Connection 1
2026-09-29 16:18:46.501020+0000 0x1a039    Default     0x0                  40755  0    GitHubStore: (CFNetwork) [com.apple.CFNetwork:Default] Task <4750EB91-71B0-4CED-8781-D17C9435E8D2>.<101> sent request, body N 0
2026-09-29 16:18:46.501765+0000 0x1a047    Default     0x0                  40755  0    GitHubStore: (CFNetwork) [com.apple.CFNetwork:Summary] Task <88650BA6-54B5-4C39-8944-668619B0FABC>.<80> summary for task success {transaction_duration_ms=615, response_status=403, connection=1, reused=1, reused_after_ms=0, request_start_ms=272, request_duration_ms=2, response_start_ms=612, response_duration_ms=1, request_bytes=58, request_throughput_kbps=197, response_bytes=1198, response_throughput_kbps=9066, cache_hit=false}
2026-09-29 16:18:46.501808+0000 0x1a047    Default     0x0                  40755  0    GitHubStore: (CFNetwork) [com.apple.CFNetwork:Default] Task <88650BA6-54B5-4C39-8944-668619B0FABC>.<80> finished successfully
2026-09-29 16:18:46.501836+0000 0x1a047    Default     0x0                  40755  0    GitHubStore: (CFNetwork) [com.apple.CFNetwork:Summary] Task <8A1260E3-1AB6-4009-AC90-705B7233CBB6>.<81> summary for task success {transaction_duration_ms=596, response_status=403, connection=1, reused=1, reused_after_ms=0, request_start_ms=253, request_duration_ms=2, response_start_ms=593, response_duration_ms=1, request_bytes=58, request_throughput_kbps=159, response_bytes=1198, response_throughput_kbps=7747, cache_hit=false}
2026-09-29 16:18:46.501876+0000 0x1a047    Default     0x0                  40755  0    GitHubStore: (CFNetwork) [com.apple.CFNetwork:Default] Task <8A1260E3-1AB6-4009-AC90-705B7233CBB6>.<81> finished successfully
2026-09-29 16:18:46.502116+0000 0x1a041    Default     0x0                  40755  0    GitHubStore: (CFNetwork) [com.apple.CFNetwork:Summary] Task <D0B2E5E1-0885-4660-9D56-70EFEA80B70A>.<84> summary for task success {transaction_duration_ms=355, response_status=403, connection=1, reused=1, reused_after_ms=0, request_start_ms=12, request_duration_ms=3, response_start_ms=352, response_duration_ms=1, request_bytes=53, request_throughput_kbps=128, response_bytes=1198, response_throughput_kbps=7952, cache_hit=false}
2026-09-29 16:18:46.502141+0000 0x1a041    Default     0x0                  40755  0    GitHubStore: (CFNetwork) [com.apple.CFNetwork:Default] Task <D0B2E5E1-0885-4660-9D56-70EFEA80B70A>.<84> finished successfully
2026-09-29 16:18:46.502154+0000 0x1a041    Default     0x0                  40755  0    GitHubStore: (CFNetwork) [com.apple.CFNetwork:Summary] Task <DE94CB44-415F-4099-9DF8-9298CA17AAA4>.<83> summary for task success {transaction_duration_ms=355, response_status=403, connection=1, reused=1, reused_after_ms=0, request_start_ms=12, request_duration_ms=3, response_start_ms=352, response_duration_ms=1, request_bytes=52, request_throughput_kbps=105, response_bytes=1198, response_throughput_kbps=8641, cache_hit=false}
2026-09-29 16:18:46.503522+0000 0x1a041    Default     0x0                  40755  0    GitHubStore: (CFNetwork) [com.apple.CFNetwork:Default] Task <DE94CB44-415F-4099-9DF8-9298CA17AAA4>.<83> finished successfully
2026-09-29 16:18:46.503578+0000 0x1a041    Default     0x0                  40755  0    GitHubStore: (CFNetwork) [com.apple.CFNetwork:Summary] Task <C3C730D1-12A0-4AAB-93A7-C6D63B7053E9>.<85> summary for task success {transaction_duration_ms=357, response_status=403, connection=1, reused=1, reused_after_ms=0, request_start_ms=12, request_duration_ms=3, response_start_ms=352, response_duration_ms=1, request_bytes=60, request_throughput_kbps=131, response_bytes=1198, response_throughput_kbps=8882, cache_hit=false}
2026-09-29 16:18:46.504107+0000 0x1a041    Default     0x0                  40755  0    GitHubStore: (CFNetwork) [com.apple.CFNetwork:Default] Task <C3C730D1-12A0-4AAB-93A7-C6D63B7053E9>.<85> finished successfully
2026-09-29 16:18:46.504188+0000 0x1a041    Default     0x0                  40755  0    GitHubStore: (CFNetwork) [com.apple.CFNetwork:Summary] Task <22436FF9-D73A-4264-9C22-3EABCF5FCF70>.<82> summary for task success {transaction_duration_ms=599, response_status=403, connection=1, reused=1, reused_after_ms=0, request_start_ms=253, request_duration_ms=3, response_start_ms=593, response_duration_ms=1, request_bytes=51, request_throughput_kbps=131, response_bytes=1198, response_throughput_kbps=6650, cache_hit=false}
2026-09-29 16:18:46.504934+0000 0x1a041    Default     0x0                  40755  0    GitHubStore: (CFNetwork) [com.apple.CFNetwork:Default] Task <22436FF9-D73A-4264-9C22-3EABCF5FCF70>.<82> finished successfully
2026-09-29 16:18:46.505405+0000 0x1a041    Default     0x0                  40755  0    GitHubStore: (CFNetwork) [com.apple.CFNetwork:Summary] Task <E8DDC728-4E66-40D6-890A-1F5CB269BADD>.<86> summary for task success {transaction_duration_ms=358, response_status=403, connection=1, reused=1, reused_after_ms=0, request_start_ms=12, request_duration_ms=3, response_start_ms=352, response_duration_ms=1, request_bytes=56, request_throughput_kbps=130, response_bytes=1198, response_throughput_kbps=8226, cache_hit=false}
2026-09-29 16:18:46.505536+0000 0x1a041    Default     0x0                  40755  0    GitHubStore: (CFNetwork) [com.apple.CFNetwork:Default] Task <E8DDC728-4E66-40D6-890A-1F5CB269BADD>.<86> finished successfully
2026-09-29 16:18:46.518354+0000 0x1a06c    Default     0x0                  40755  0    GitHubStore: (CFNetwork) [com.apple.CFNetwork:Default] Task <A52C665E-3DE9-4341-9EA1-15577CF399BB>.<102> resuming, timeouts(179769313486231570814527423731704356798070567525844996598917476803157260780028538760589558632766878171540458953514382464234321326889464182768467546703537516986049910576551282076245490090389328944075868508455133942304583236903222948165808559332123348274797826204144723168738177180919299881250404026184124858368.0, 604800.0) qos(0x15) voucher((null)) activity(00000000-0000-0000-0000-000000000000)
2026-09-29 16:18:46.520369+0000 0x1a041    Default     0x0                  40755  0    GitHubStore: (CFNetwork) [com.apple.CFNetwork:Default] Task <A52C665E-3DE9-4341-9EA1-15577CF399BB>.<102> now using Connection 1
2026-09-29 16:18:46.520647+0000 0x1a041    Default     0x0                  40755  0    GitHubStore: (CFNetwork) [com.apple.CFNetwork:Default] Task <A52C665E-3DE9-4341-9EA1-15577CF399BB>.<102> sent request, body N 0
2026-09-29 16:18:46.561956+0000 0x1a039    Default     0x0                  40755  0    GitHubStore: (CFNetwork) [com.apple.CFNetwork:Default] Task <6BE43B00-4BB4-4681-8637-C5CA2E0295AC>.<96> received response, status 403 content K
2026-09-29 16:18:46.562234+0000 0x1a039    Default     0x0                  40755  0    GitHubStore: (CFNetwork) [com.apple.CFNetwork:Default] Task <72A3DC01-6CBB-4B60-A156-65030E4B0C09>.<91> received response, status 403 content K
2026-09-29 16:18:46.562312+0000 0x1a039    Default     0x0                  40755  0    GitHubStore: (CFNetwork) [com.apple.CFNetwork:Default] Task <96EBE80B-55F9-4F81-8514-79C64FBBA023>.<90> received response, status 403 content K
2026-09-29 16:18:46.562359+0000 0x1a039    Default     0x0                  40755  0    GitHubStore: (CFNetwork) [com.apple.CFNetwork:Default] Task <13430059-AFBD-4E6E-9CB9-429A8F068047>.<88> received response, status 403 content K
2026-09-29 16:18:46.562571+0000 0x1a039    Default     0x0                  40755  0    GitHubStore: (CFNetwork) [com.apple.CFNetwork:Default] Task <7CE77AC7-6DEB-4CD1-8F3B-FF4616E4C5D9>.<99> received response, status 403 content K
2026-09-29 16:18:46.562806+0000 0x1a039    Default     0x0                  40755  0    GitHubStore: (CFNetwork) [com.apple.CFNetwork:Default] Task <7E95F940-7BA7-421A-9824-19A7D9DC620E>.<94> received response, status 403 content K
2026-09-29 16:18:46.562860+0000 0x1a039    Default     0x0                  40755  0    GitHubStore: (CFNetwork) [com.apple.CFNetwork:Default] Task <21144B9F-00EF-455F-86F9-2830335F02C8>.<87> received response, status 403 content K
2026-09-29 16:18:46.562956+0000 0x1a039    Default     0x0                  40755  0    GitHubStore: (CFNetwork) [com.apple.CFNetwork:Default] Task <666CF0A6-0C12-44CD-A085-CB7B1C43AE06>.<97> received response, status 403 content K
2026-09-29 16:18:46.563009+0000 0x1a039    Default     0x0                  40755  0    GitHubStore: (CFNetwork) [com.apple.CFNetwork:Default] Task <134B0C32-A18C-4E64-853C-D71CEC431937>.<98> received response, status 403 content K
2026-09-29 16:18:46.563059+0000 0x1a039    Default     0x0                  40755  0    GitHubStore: (CFNetwork) [com.apple.CFNetwork:Default] Task <CE1CB406-3D74-442A-AB25-57A40B0810AF>.<93> received response, status 403 content K
2026-09-29 16:18:46.563099+0000 0x1a039    Default     0x0                  40755  0    GitHubStore: (CFNetwork) [com.apple.CFNetwork:Default] Task <6BE43B00-4BB4-4681-8637-C5CA2E0295AC>.<96> done using Connection 1
2026-09-29 16:18:46.563118+0000 0x1a039    Default     0x0                  40755  0    GitHubStore: (CFNetwork) [com.apple.CFNetwork:Default] Task <72A3DC01-6CBB-4B60-A156-65030E4B0C09>.<91> done using Connection 1
2026-09-29 16:18:46.563226+0000 0x1a039    Default     0x0                  40755  0    GitHubStore: (CFNetwork) [com.apple.CFNetwork:Default] Task <96EBE80B-55F9-4F81-8514-79C64FBBA023>.<90> done using Connection 1
2026-09-29 16:18:46.563292+0000 0x1a039    Default     0x0                  40755  0    GitHubStore: (CFNetwork) [com.apple.CFNetwork:Default] Task <13430059-AFBD-4E6E-9CB9-429A8F068047>.<88> done using Connection 1
2026-09-29 16:18:46.563320+0000 0x1a039    Default     0x0                  40755  0    GitHubStore: (CFNetwork) [com.apple.CFNetwork:Default] Task <7CE77AC7-6DEB-4CD1-8F3B-FF4616E4C5D9>.<99> done using Connection 1
2026-09-29 16:18:46.563347+0000 0x1a039    Default     0x0                  40755  0    GitHubStore: (CFNetwork) [com.apple.CFNetwork:Default] Task <7E95F940-7BA7-421A-9824-19A7D9DC620E>.<94> done using Connection 1
2026-09-29 16:18:46.563372+0000 0x1a039    Default     0x0                  40755  0    GitHubStore: (CFNetwork) [com.apple.CFNetwork:Default] Task <21144B9F-00EF-455F-86F9-2830335F02C8>.<87> done using Connection 1
2026-09-29 16:18:46.563396+0000 0x1a039    Default     0x0                  40755  0    GitHubStore: (CFNetwork) [com.apple.CFNetwork:Default] Task <666CF0A6-0C12-44CD-A085-CB7B1C43AE06>.<97> done using Connection 1
2026-09-29 16:18:46.563420+0000 0x1a039    Default     0x0                  40755  0    GitHubStore: (CFNetwork) [com.apple.CFNetwork:Default] Task <134B0C32-A18C-4E64-853C-D71CEC431937>.<98> done using Connection 1
2026-09-29 16:18:46.563444+0000 0x1a039    Default     0x0                  40755  0    GitHubStore: (CFNetwork) [com.apple.CFNetwork:Default] Task <CE1CB406-3D74-442A-AB25-57A40B0810AF>.<93> done using Connection 1
2026-09-29 16:18:46.569787+0000 0x1a039    Default     0x0                  40755  0    GitHubStore: (CFNetwork) [com.apple.CFNetwork:Default] Task <6BE43B00-4BB4-4681-8637-C5CA2E0295AC>.<96> response ended
2026-09-29 16:18:46.570004+0000 0x1a041    Default     0x0                  40755  0    GitHubStore: (CFNetwork) [com.apple.CFNetwork:Summary] Task <6BE43B00-4BB4-4681-8637-C5CA2E0295AC>.<96> summary for task success {transaction_duration_ms=138, response_status=403, connection=1, reused=1, reused_after_ms=0, request_start_ms=65, request_duration_ms=0, response_start_ms=130, response_duration_ms=8, request_bytes=54, request_throughput_kbps=671, response_bytes=1198, response_throughput_kbps=1185, cache_hit=false}
2026-09-29 16:18:46.570060+0000 0x1a041    Default     0x0                  40755  0    GitHubStore: (CFNetwork) [com.apple.CFNetwork:Default] Task <6BE43B00-4BB4-4681-8637-C5CA2E0295AC>.<96> finished successfully
2026-09-29 16:18:46.570340+0000 0x1a039    Default     0x0                  40755  0    GitHubStore: (CFNetwork) [com.apple.CFNetwork:Default] Task <72A3DC01-6CBB-4B60-A156-65030E4B0C09>.<91> response ended
2026-09-29 16:18:46.570372+0000 0x1a064    Default     0x0                  40755  0    GitHubStore: (CFNetwork) [com.apple.CFNetwork:Summary] Task <72A3DC01-6CBB-4B60-A156-65030E4B0C09>.<91> summary for task success {transaction_duration_ms=411, response_status=403, connection=1, reused=1, reused_after_ms=0, request_start_ms=338, request_duration_ms=0, response_start_ms=403, response_duration_ms=8, request_bytes=55, request_throughput_kbps=1286, response_bytes=1198, response_throughput_kbps=1168, cache_hit=false}
2026-09-29 16:18:46.570390+0000 0x1a039    Default     0x0                  40755  0    GitHubStore: (CFNetwork) [com.apple.CFNetwork:Default] Task <96EBE80B-55F9-4F81-8514-79C64FBBA023>.<90> response ended
2026-09-29 16:18:46.570437+0000 0x1a064    Default     0x0                  40755  0    GitHubStore: (CFNetwork) [com.apple.CFNetwork:Default] Task <72A3DC01-6CBB-4B60-A156-65030E4B0C09>.<91> finished successfully
2026-09-29 16:18:46.573648+0000 0x1a064    Default     0x0                  40755  0    GitHubStore: (CFNetwork) [com.apple.CFNetwork:Summary] Task <96EBE80B-55F9-4F81-8514-79C64FBBA023>.<90> summary for task success {transaction_duration_ms=415, response_status=403, connection=1, reused=1, reused_after_ms=0, request_start_ms=338, request_duration_ms=0, response_start_ms=403, response_duration_ms=11, request_bytes=49, request_throughput_kbps=1142, response_bytes=1198, response_throughput_kbps=845, cache_hit=false}
2026-09-29 16:18:46.573703+0000 0x1a064    Default     0x0                  40755  0    GitHubStore: (CFNetwork) [com.apple.CFNetwork:Default] Task <96EBE80B-55F9-4F81-8514-79C64FBBA023>.<90> finished successfully
2026-09-29 16:18:46.575580+0000 0x1a039    Default     0x0                  40755  0    GitHubStore: (CFNetwork) [com.apple.CFNetwork:Default] Task <13430059-AFBD-4E6E-9CB9-429A8F068047>.<88> response ended
2026-09-29 16:18:46.575639+0000 0x1a038    Default     0x0                  40755  0    GitHubStore: (CFNetwork) [com.apple.CFNetwork:Summary] Task <13430059-AFBD-4E6E-9CB9-429A8F068047>.<88> summary for task success {transaction_duration_ms=417, response_status=403, connection=1, reused=1, reused_after_ms=0, request_start_ms=338, request_duration_ms=0, response_start_ms=403, response_duration_ms=13, request_bytes=63, request_throughput_kbps=3966, response_bytes=1198, response_throughput_kbps=721, cache_hit=false}
2026-09-29 16:18:46.575675+0000 0x1a038    Default     0x0                  40755  0    GitHubStore: (CFNetwork) [com.apple.CFNetwork:Default] Task <13430059-AFBD-4E6E-9CB9-429A8F068047>.<88> finished successfully
2026-09-29 16:18:46.575745+0000 0x1a039    Default     0x0                  40755  0    GitHubStore: (CFNetwork) [com.apple.CFNetwork:Default] Task <7CE77AC7-6DEB-4CD1-8F3B-FF4616E4C5D9>.<99> response ended
2026-09-29 16:18:46.575766+0000 0x1a064    Default     0x0                  40755  0    GitHubStore: (CFNetwork) [com.apple.CFNetwork:Summary] Task <7CE77AC7-6DEB-4CD1-8F3B-FF4616E4C5D9>.<99> summary for task success {transaction_duration_ms=143, response_status=403, connection=1, reused=1, reused_after_ms=0, request_start_ms=64, request_duration_ms=0, response_start_ms=129, response_duration_ms=13, request_bytes=67, request_throughput_kbps=807, response_bytes=1198, response_throughput_kbps=724, cache_hit=false}
2026-09-29 16:18:46.575785+0000 0x1a064    Default     0x0                  40755  0    GitHubStore: (CFNetwork) [com.apple.CFNetwork:Default] Task <7CE77AC7-6DEB-4CD1-8F3B-FF4616E4C5D9>.<99> finished successfully
2026-09-29 16:18:46.576131+0000 0x1a039    Default     0x0                  40755  0    GitHubStore: (CFNetwork) [com.apple.CFNetwork:Default] Task <7E95F940-7BA7-421A-9824-19A7D9DC620E>.<94> response ended
2026-09-29 16:18:46.577414+0000 0x1a064    Default     0x0                  40755  0    GitHubStore: (CFNetwork) [com.apple.CFNetwork:Summary] Task <7E95F940-7BA7-421A-9824-19A7D9DC620E>.<94> summary for task success {transaction_duration_ms=310, response_status=403, connection=1, reused=1, reused_after_ms=0, request_start_ms=229, request_duration_ms=0, response_start_ms=295, response_duration_ms=14, request_bytes=50, request_throughput_kbps=1142, response_bytes=1198, response_throughput_kbps=652, cache_hit=false}
2026-09-29 16:18:46.577459+0000 0x1a064    Default     0x0                  40755  0    GitHubStore: (CFNetwork) [com.apple.CFNetwork:Default] Task <7E95F940-7BA7-421A-9824-19A7D9DC620E>.<94> finished successfully
2026-09-29 16:18:46.577842+0000 0x1a039    Default     0x0                  40755  0    GitHubStore: (CFNetwork) [com.apple.CFNetwork:Default] Task <21144B9F-00EF-455F-86F9-2830335F02C8>.<87> response ended
2026-09-29 16:18:46.578324+0000 0x1a038    Default     0x0                  40755  0    GitHubStore: (CFNetwork) [com.apple.CFNetwork:Summary] Task <21144B9F-00EF-455F-86F9-2830335F02C8>.<87> summary for task success {transaction_duration_ms=419, response_status=403, connection=1, reused=1, reused_after_ms=0, request_start_ms=338, request_duration_ms=0, response_start_ms=404, response_duration_ms=15, request_bytes=66, request_throughput_kbps=1620, response_bytes=1198, response_throughput_kbps=619, cache_hit=false}
2026-09-29 16:18:46.578338+0000 0x1a039    Default     0x0                  40755  0    GitHubStore: (CFNetwork) [com.apple.CFNetwork:Default] Task <666CF0A6-0C12-44CD-A085-CB7B1C43AE06>.<97> response ended
2026-09-29 16:18:46.578365+0000 0x1a039    Default     0x0                  40755  0    GitHubStore: (CFNetwork) [com.apple.CFNetwork:Default] Task <134B0C32-A18C-4E64-853C-D71CEC431937>.<98> response ended
2026-09-29 16:18:46.578374+0000 0x1a038    Default     0x0                  40755  0    GitHubStore: (CFNetwork) [com.apple.CFNetwork:Default] Task <21144B9F-00EF-455F-86F9-2830335F02C8>.<87> finished successfully
2026-09-29 16:18:46.578381+0000 0x1a039    Default     0x0                  40755  0    GitHubStore: (CFNetwork) [com.apple.CFNetwork:Default] Task <CE1CB406-3D74-442A-AB25-57A40B0810AF>.<93> response ended
2026-09-29 16:18:46.578422+0000 0x1a038    Default     0x0                  40755  0    GitHubStore: (CFNetwork) [com.apple.CFNetwork:Summary] Task <666CF0A6-0C12-44CD-A085-CB7B1C43AE06>.<97> summary for task success {transaction_duration_ms=146, response_status=403, connection=1, reused=1, reused_after_ms=0, request_start_ms=65, request_duration_ms=0, response_start_ms=130, response_duration_ms=15, request_bytes=53, request_throughput_kbps=645, response_bytes=1198, response_throughput_kbps=619, cache_hit=false}
2026-09-29 16:18:46.579047+0000 0x1a039    Default     0x0                  40755  0    GitHubStore: (CFNetwork) [com.apple.CFNetwork:Default] Task <12DD5845-572B-4B6F-82A1-144CB38207C6>.<89> received response, status 403 content K
2026-09-29 16:18:46.579101+0000 0x1a038    Default     0x0                  40755  0    GitHubStore: (CFNetwork) [com.apple.CFNetwork:Default] Task <666CF0A6-0C12-44CD-A085-CB7B1C43AE06>.<97> finished successfully
2026-09-29 16:18:46.579405+0000 0x1a038    Default     0x0                  40755  0    GitHubStore: (CFNetwork) [com.apple.CFNetwork:Summary] Task <134B0C32-A18C-4E64-853C-D71CEC431937>.<98> summary for task success {transaction_duration_ms=147, response_status=403, connection=1, reused=1, reused_after_ms=0, request_start_ms=65, request_duration_ms=0, response_start_ms=130, response_duration_ms=15, request_bytes=55, request_throughput_kbps=675, response_bytes=1198, response_throughput_kbps=622, cache_hit=false}
2026-09-29 16:18:46.580373+0000 0x1a039    Default     0x0                  40755  0    GitHubStore: (CFNetwork) [com.apple.CFNetwork:Default] Task <F2E787EE-4ACF-4B0A-BD42-1BD9E8F1F347>.<95> received response, status 403 content K
2026-09-29 16:18:46.580749+0000 0x1a038    Default     0x0                  40755  0    GitHubStore: (CFNetwork) [com.apple.CFNetwork:Default] Task <134B0C32-A18C-4E64-853C-D71CEC431937>.<98> finished successfully
2026-09-29 16:18:46.581300+0000 0x1a038    Default     0x0                  40755  0    GitHubStore: (CFNetwork) [com.apple.CFNetwork:Summary] Task <CE1CB406-3D74-442A-AB25-57A40B0810AF>.<93> summary for task success {transaction_duration_ms=294, response_status=403, connection=1, reused=1, reused_after_ms=0, request_start_ms=210, request_duration_ms=0, response_start_ms=276, response_duration_ms=15, request_bytes=73, request_throughput_kbps=1361, response_bytes=1198, response_throughput_kbps=623, cache_hit=false}
2026-09-29 16:18:46.582267+0000 0x1a038    Default     0x0                  40755  0    GitHubStore: (CFNetwork) [com.apple.CFNetwork:Default] Task <CE1CB406-3D74-442A-AB25-57A40B0810AF>.<93> finished successfully
2026-09-29 16:18:46.583835+0000 0x1a039    Default     0x0                  40755  0    GitHubStore: (CFNetwork) [com.apple.CFNetwork:Default] Task <CBA620E4-3FA5-46E6-AD43-CD0CF5D5C1CF>.<100> received response, status 403 content K
2026-09-29 16:18:46.584012+0000 0x1a039    Default     0x0                  40755  0    GitHubStore: (CFNetwork) [com.apple.CFNetwork:Default] Task <B865D85B-DEAB-4EB2-BD64-8E80475D5499>.<92> received response, status 403 content K
2026-09-29 16:18:46.584121+0000 0x1a039    Default     0x0                  40755  0    GitHubStore: (CFNetwork) [com.apple.CFNetwork:Default] Task <4750EB91-71B0-4CED-8781-D17C9435E8D2>.<101> received response, status 429 content K
2026-09-29 16:18:46.584229+0000 0x1a039    Default     0x0                  40755  0    GitHubStore: (CFNetwork) [com.apple.CFNetwork:Default] Task <A52C665E-3DE9-4341-9EA1-15577CF399BB>.<102> received response, status 429 content K
2026-09-29 16:18:46.584293+0000 0x1a039    Default     0x0                  40755  0    GitHubStore: (CFNetwork) [com.apple.CFNetwork:Default] Task <12DD5845-572B-4B6F-82A1-144CB38207C6>.<89> done using Connection 1
2026-09-29 16:18:46.584311+0000 0x1a039    Default     0x0                  40755  0    GitHubStore: (CFNetwork) [com.apple.CFNetwork:Default] Task <F2E787EE-4ACF-4B0A-BD42-1BD9E8F1F347>.<95> done using Connection 1
2026-09-29 16:18:46.584320+0000 0x1a039    Default     0x0                  40755  0    GitHubStore: (CFNetwork) [com.apple.CFNetwork:Default] Task <CBA620E4-3FA5-46E6-AD43-CD0CF5D5C1CF>.<100> done using Connection 1
2026-09-29 16:18:46.584432+0000 0x1a039    Default     0x0                  40755  0    GitHubStore: (CFNetwork) [com.apple.CFNetwork:Default] Task <B865D85B-DEAB-4EB2-BD64-8E80475D5499>.<92> done using Connection 1
2026-09-29 16:18:46.584442+0000 0x1a039    Default     0x0                  40755  0    GitHubStore: (CFNetwork) [com.apple.CFNetwork:Default] Task <4750EB91-71B0-4CED-8781-D17C9435E8D2>.<101> done using Connection 1
2026-09-29 16:18:46.584845+0000 0x1a039    Default     0x0                  40755  0    GitHubStore: (CFNetwork) [com.apple.CFNetwork:Default] Task <A52C665E-3DE9-4341-9EA1-15577CF399BB>.<102> done using Connection 1
2026-09-29 16:18:46.584859+0000 0x1a039    Default     0x0                  40755  0    GitHubStore: (Network) [com.apple.network:connection] [C1] event: client:connection_idle @11.974s
2026-09-29 16:18:46.584923+0000 0x1a039    Default     0x0                  40755  0    GitHubStore: (Network) [com.apple.network:connection] nw_protocol_socket_notify [C1.1.1.1:3] nw_protocol_notification_type_connection_idle is true
2026-09-29 16:18:46.585168+0000 0x1a039    Default     0x0                  40755  0    GitHubStore: (CFNetwork) [com.apple.CFNetwork:Default] Task <12DD5845-572B-4B6F-82A1-144CB38207C6>.<89> response ended
2026-09-29 16:18:46.585197+0000 0x1a039    Default     0x0                  40755  0    GitHubStore: (CFNetwork) [com.apple.CFNetwork:Default] Task <F2E787EE-4ACF-4B0A-BD42-1BD9E8F1F347>.<95> response ended
2026-09-29 16:18:46.585213+0000 0x1a039    Default     0x0                  40755  0    GitHubStore: (CFNetwork) [com.apple.CFNetwork:Default] Task <CBA620E4-3FA5-46E6-AD43-CD0CF5D5C1CF>.<100> response ended
2026-09-29 16:18:46.585228+0000 0x1a039    Default     0x0                  40755  0    GitHubStore: (CFNetwork) [com.apple.CFNetwork:Default] Task <B865D85B-DEAB-4EB2-BD64-8E80475D5499>.<92> response ended
2026-09-29 16:18:46.585581+0000 0x1a038    Default     0x0                  40755  0    GitHubStore: (CFNetwork) [com.apple.CFNetwork:Summary] Task <F2E787EE-4ACF-4B0A-BD42-1BD9E8F1F347>.<95> summary for task success {transaction_duration_ms=318, response_status=403, connection=1, reused=1, reused_after_ms=0, request_start_ms=229, request_duration_ms=0, response_start_ms=312, response_duration_ms=4, request_bytes=53, request_throughput_kbps=1200, response_bytes=1198, response_throughput_kbps=1927, cache_hit=false}
2026-09-29 16:18:46.585638+0000 0x1a038    Default     0x0                  40755  0    GitHubStore: (CFNetwork) [com.apple.CFNetwork:Default] Task <F2E787EE-4ACF-4B0A-BD42-1BD9E8F1F347>.<95> finished successfully
2026-09-29 16:18:46.585656+0000 0x1a038    Default     0x0                  40755  0    GitHubStore: (CFNetwork) [com.apple.CFNetwork:Summary] Task <12DD5845-572B-4B6F-82A1-144CB38207C6>.<89> summary for task success {transaction_duration_ms=427, response_status=403, connection=1, reused=1, reused_after_ms=0, request_start_ms=338, request_duration_ms=0, response_start_ms=420, response_duration_ms=6, request_bytes=50, request_throughput_kbps=1186, response_bytes=1198, response_throughput_kbps=1550, cache_hit=false}
2026-09-29 16:18:46.585691+0000 0x1a038    Default     0x0                  40755  0    GitHubStore: (CFNetwork) [com.apple.CFNetwork:Default] Task <12DD5845-572B-4B6F-82A1-144CB38207C6>.<89> finished successfully
2026-09-29 16:18:46.586360+0000 0x1a038    Default     0x0                  40755  0    GitHubStore: (CFNetwork) [com.apple.CFNetwork:Summary] Task <CBA620E4-3FA5-46E6-AD43-CD0CF5D5C1CF>.<100> summary for task success {transaction_duration_ms=153, response_status=403, connection=1, reused=1, reused_after_ms=0, request_start_ms=64, request_duration_ms=0, response_start_ms=151, response_duration_ms=1, request_bytes=57, request_throughput_kbps=680, response_bytes=1198, response_throughput_kbps=6453, cache_hit=false}
2026-09-29 16:18:46.586505+0000 0x1a038    Default     0x0                  40755  0    GitHubStore: (CFNetwork) [com.apple.CFNetwork:Default] Task <CBA620E4-3FA5-46E6-AD43-CD0CF5D5C1CF>.<100> finished successfully
2026-09-29 16:18:46.586642+0000 0x1a038    Default     0x0                  40755  0    GitHubStore: (CFNetwork) [com.apple.CFNetwork:Summary] Task <B865D85B-DEAB-4EB2-BD64-8E80475D5499>.<92> summary for task success {transaction_duration_ms=427, response_status=403, connection=1, reused=1, reused_after_ms=0, request_start_ms=338, request_duration_ms=0, response_start_ms=425, response_duration_ms=1, request_bytes=56, request_throughput_kbps=1298, response_bytes=1198, response_throughput_kbps=7327, cache_hit=false}
2026-09-29 16:18:46.587517+0000 0x1a038    Default     0x0                  40755  0    GitHubStore: (CFNetwork) [com.apple.CFNetwork:Default] Task <B865D85B-DEAB-4EB2-BD64-8E80475D5499>.<92> finished successfully
2026-09-29 16:18:46.589036+0000 0x1a039    Default     0x0                  40755  0    GitHubStore: (CFNetwork) [com.apple.CFNetwork:Default] Task <4750EB91-71B0-4CED-8781-D17C9435E8D2>.<101> response ended
2026-09-29 16:18:46.589076+0000 0x1a039    Default     0x0                  40755  0    GitHubStore: (CFNetwork) [com.apple.CFNetwork:Default] Task <A52C665E-3DE9-4341-9EA1-15577CF399BB>.<102> response ended
2026-09-29 16:18:46.589114+0000 0x1a039    Default     0x0                  40755  0    GitHubStore: (CFNetwork) [com.apple.CFNetwork:Summary] Task <4750EB91-71B0-4CED-8781-D17C9435E8D2>.<101> summary for task success {transaction_duration_ms=89, response_status=429, connection=1, reused=1, reused_after_ms=0, request_start_ms=1, request_duration_ms=0, response_start_ms=84, response_duration_ms=4, request_bytes=51, request_throughput_kbps=4861, response_bytes=989, response_throughput_kbps=1583, cache_hit=false}
2026-09-29 16:18:46.589230+0000 0x1a039    Default     0x0                  40755  0    GitHubStore: (CFNetwork) [com.apple.CFNetwork:Default] Task <4750EB91-71B0-4CED-8781-D17C9435E8D2>.<101> finished successfully
2026-09-29 16:18:46.589307+0000 0x1a039    Default     0x0                  40755  0    GitHubStore: (CFNetwork) [com.apple.CFNetwork:Summary] Task <A52C665E-3DE9-4341-9EA1-15577CF399BB>.<102> summary for task success {transaction_duration_ms=69, response_status=429, connection=1, reused=1, reused_after_ms=0, request_start_ms=0, request_duration_ms=0, response_start_ms=64, response_duration_ms=4, request_bytes=62, request_throughput_kbps=2276, response_bytes=989, response_throughput_kbps=1612, cache_hit=false}
2026-09-29 16:18:46.589324+0000 0x1a039    Default     0x0                  40755  0    GitHubStore: (CFNetwork) [com.apple.CFNetwork:Default] Task <A52C665E-3DE9-4341-9EA1-15577CF399BB>.<102> finished successfully
2026-09-29 16:18:46.589519+0000 0x1a2ad    Default     0x0                  40755  0    GitHubStore: [:] 🟡 Missing X-RateLimit-Limit
2026-09-29 16:18:46.589529+0000 0x1a2b7    Default     0x0                  40755  0    GitHubStore: [:] 🟡 Missing X-RateLimit-Limit
2026-09-29 16:18:46.595075+0000 0x1a2b4    Default     0x0                  40755  0    GitHubStore: (CFNetwork) [com.apple.CFNetwork:Default] Task <0228300B-D684-4225-AA16-65E8FEF07267>.<103> resuming, timeouts(179769313486231570814527423731704356798070567525844996598917476803157260780028538760589558632766878171540458953514382464234321326889464182768467546703537516986049910576551282076245490090389328944075868508455133942304583236903222948165808559332123348274797826204144723168738177180919299881250404026184124858368.0, 604800.0) qos(0x15) voucher((null)) activity(00000000-0000-0000-0000-000000000000)
2026-09-29 16:18:46.595851+0000 0x1a038    Default     0x0                  40755  0    GitHubStore: (Network) [com.apple.network:connection] [C1] event: client:connection_reused @11.985s
2026-09-29 16:18:46.595934+0000 0x1a038    Default     0x0                  40755  0    GitHubStore: (Network) [com.apple.network:connection] nw_protocol_socket_notify [C1.1.1.1:3] nw_protocol_notification_type_connection_idle is false
2026-09-29 16:18:46.595994+0000 0x1a038    Default     0x0                  40755  0    GitHubStore: (CFNetwork) [com.apple.CFNetwork:Default] Task <0228300B-D684-4225-AA16-65E8FEF07267>.<103> now using Connection 1
2026-09-29 16:18:46.596082+0000 0x1a038    Default     0x0                  40755  0    GitHubStore: (CFNetwork) [com.apple.CFNetwork:Default] Task <0228300B-D684-4225-AA16-65E8FEF07267>.<103> sent request, body N 0
2026-09-29 16:18:46.652227+0000 0x1a062    Default     0x0                  40755  0    GitHubStore: (CFNetwork) [com.apple.CFNetwork:Default] Task <0228300B-D684-4225-AA16-65E8FEF07267>.<103> received response, status 429 content K
2026-09-29 16:18:46.652285+0000 0x1a062    Default     0x0                  40755  0    GitHubStore: (CFNetwork) [com.apple.CFNetwork:Default] Task <0228300B-D684-4225-AA16-65E8FEF07267>.<103> done using Connection 1
2026-09-29 16:18:46.652305+0000 0x1a062    Default     0x0                  40755  0    GitHubStore: (Network) [com.apple.network:connection] [C1] event: client:connection_idle @12.042s
2026-09-29 16:18:46.652363+0000 0x1a062    Default     0x0                  40755  0    GitHubStore: (Network) [com.apple.network:connection] nw_protocol_socket_notify [C1.1.1.1:3] nw_protocol_notification_type_connection_idle is true
2026-09-29 16:18:46.652422+0000 0x1a062    Default     0x0                  40755  0    GitHubStore: (CFNetwork) [com.apple.CFNetwork:Default] Task <0228300B-D684-4225-AA16-65E8FEF07267>.<103> response ended
2026-09-29 16:18:46.652934+0000 0x1a062    Default     0x0                  40755  0    GitHubStore: (CFNetwork) [com.apple.CFNetwork:Summary] Task <0228300B-D684-4225-AA16-65E8FEF07267>.<103> summary for task success {transaction_duration_ms=57, response_status=429, connection=1, reused=1, reused_after_ms=10, request_start_ms=0, request_duration_ms=0, response_start_ms=56, response_duration_ms=0, request_bytes=118, request_throughput_kbps=14090, response_bytes=989, response_throughput_kbps=24126, cache_hit=false}
2026-09-29 16:18:46.652982+0000 0x1a062    Default     0x0                  40755  0    GitHubStore: (CFNetwork) [com.apple.CFNetwork:Default] Task <0228300B-D684-4225-AA16-65E8FEF07267>.<103> finished successfully
2026-09-29 16:18:46.653250+0000 0x1a2a9    Default     0x0                  40755  0    GitHubStore: [:] 🟡 Missing X-RateLimit-Limit
2026-09-29 16:18:46.653395+0000 0x1a2a9    Error       0x0                  40755  0    GitHubStore: [:] 🔴 Search request failed: HTTP 429: Too Many Requests
2026-09-29 16:18:46.653419+0000 0x1a2a9    Error       0x0                  40755  0    GitHubStore: [:] 🔴 Search failed: HTTP 429: Too Many Requests
2026-09-29 16:18:46.697235+0000 0x1a2a9    Default     0x0                  40755  0    GitHubStore: (CoreSymbolication) Failed to read dyld info for process 40755 (5)
2026-09-29 16:18:53.517978+0000 0x19f4a    Default     0x0                  40755  0    GitHubStore: (UIKitCore) [com.apple.UIKit:AppLifecycle] sceneOfRecord: sceneID: sceneID:zed.rainxch.githubstore-default  persistentID: 09DC9736-983B-4FCD-8658-2691A8D5897B
2026-09-29 16:18:56.198674+0000 0x19f4a    Default     0x0                  40755  0    GitHubStore: (UIKitCore) [com.apple.KeyboardArbiter:Client] RX sceneBecameFocused:(null)
2026-09-29 16:19:16.802265+0000 0x1a04c    Default     0x0                  40755  0    GitHubStore: (CFNetwork) [com.apple.CFNetwork:Default] Connection 1: cleaning up
2026-09-29 16:19:16.803037+0000 0x1a04c    Default     0x0                  40755  0    GitHubStore: (Network) [com.apple.network:connection] [C1 1BEA81F5-7565-4E9C-A30E-8A2172EE97A0 Hostname#9ad84a4a:443 quic-connection, url: https://api.github.com/search/repositories, definite, attribution: developer] cancel
2026-09-29 16:19:16.803394+0000 0x1a04c    Default     0x0                  40755  0    GitHubStore: (Network) [com.apple.network:connection] [C1 1BEA81F5-7565-4E9C-A30E-8A2172EE97A0 Hostname#9ad84a4a:443 quic-connection, url: https://api.github.com/search/repositories, definite, attribution: developer] cancelled
	[C1.1.1.1 099F06D4-A0E7-4A11-B528-B8F3C6F816A0 192.168.64.10:50033<->IPv4#94395ccb:443]
	Connected Path: satisfied (Path is satisfied), interface: en0
	Privacy Stance: Not Eligible
	Duration: 42.193s, DNS @0.006s took 0.026s, TCP @0.038s took 0.059s, TLS 1.3 took 0.259s
	bytes in/out: 1879446/8522, packets in/out: 245/41, rtt: 0.059s, retransmitted bytes: 0, out-of-order bytes: 0
	ecn packets sent/acked/marked/lost: 41/38/0/0
2026-09-29 16:19:16.812523+0000 0x1a04c    Default     0x0                  40755  0    GitHubStore: (Network) [com.apple.network:connection] nw_connection_report_state_with_handler_on_nw_queue [C1] reporting state cancelled
2026-09-29 16:19:16.812600+0000 0x1a04c    Default     0x0                  40755  0    GitHubStore: (CFNetwork) [com.apple.CFNetwork:Default] Connection 1: done
2026-09-29 16:19:44.651366+0000 0x1a6fe    Default     0x0                  40755  0    GitHubStore: (BackBoardServices) [com.apple.BackBoard:EventDelivery] policyStatus:<BKSHIDEventDeliveryPolicyObserver: 0x60000260eb80; token: com.apple.frontboard.systemappservices/FBSceneManager:sceneID%3Azed.rainxch.githubstore-default; status: none> was:ancestor
2026-09-29 16:19:44.651991+0000 0x19f4a    Default     0x0                  40755  1    GitHubStore: (UIKitCore) [com.apple.UIKit:KeyWindow] Scene target of keyboard event deferring environment did change: 0; scene: UIWindowScene: 0x10bd065e0; scene identity: com.apple.frontboard.systemappservices/FBSceneManager:sceneID%3Azed.rainxch.githubstore-default
2026-09-29 16:19:44.812314+0000 0x19f4a    Default     0x489ea              40755  0    GitHubStore: (RunningBoardServices) [com.apple.runningboard:connection] Creating side-channel connection to com.apple.runningboard
2026-09-29 16:19:44.812355+0000 0x19f4a    Default     0x489ea              40755  0    GitHubStore: (libxpc.dylib) [com.apple.xpc:connection] [0x10bb1b370] activating connection: mach=true listener=false peer=false name=com.apple.runningboard
2026-09-29 16:19:44.813213+0000 0x19f4a    Default     0x489ea              40755  0    GitHubStore: (RunningBoardServices) [com.apple.runningboard:process] Hit the server for a process handle 1bc5419a00009f33 that resolved to: [app<zed.rainxch.githubstore((null))>:40755]
2026-09-29 16:19:44.813746+0000 0x19f4a    Default     0x489ea              40755  0    GitHubStore: (UIKitCore) [com.apple.UIKit:AppLifecycle] sceneOfRecord: sceneID: sceneID:zed.rainxch.githubstore-default  persistentID: 09DC9736-983B-4FCD-8658-2691A8D5897B
2026-09-29 16:19:44.813965+0000 0x19f4a    Default     0x489ea              40755  0    GitHubStore: (UIKitCore) [com.apple.UIKit:UIAlertControllerStackManager] canShowAlerts Updated: <FBSSceneSettingsDiff: 0x600001776c00; UIApplicationSceneSettings> {
    subclassSettings = <BSSettingsDiff: 0x600000cb8de0> {
        canShowAlerts = NO;
    };
}
2026-09-29 16:19:44.815032+0000 0x19f4a    Default     0x489ea              40755  0    GitHubStore: (UIKitCore) [com.apple.UIKit:InterfaceStyle] Not push traits update to screen for new style 1, <UIWindowScene: 0x10bd065e0> (09DC9736-983B-4FCD-8658-2691A8D5897B)
2026-09-29 16:19:44.826050+0000 0x19f4a    Default     0x489ea              40755  0    GitHubStore: (UIKitCore) [com.apple.UIKit:AppLifecycle] sceneOfRecord: sceneID: sceneID:zed.rainxch.githubstore-default  persistentID: 09DC9736-983B-4FCD-8658-2691A8D5897B
2026-09-29 16:19:44.826235+0000 0x19f4a    Default     0x489ea              40755  0    GitHubStore: (UIKitCore) [com.apple.UIKit:Application] Deactivation reason added: 13; deactivation reasons: 0 -> 8192; animating application lifecycle event: 0
2026-09-29 16:19:44.827372+0000 0x19f4a    Default     0x489ea              40755  0    GitHubStore: (UIKitCore) [com.apple.UIKit:Application] Ignoring already applied deactivation reason: 13; deactivation reasons: 8192
2026-09-29 16:19:44.827432+0000 0x19f4a    Default     0x489ea              40755  0    GitHubStore: (UIKitCore) [com.apple.UIKit:Application] Deactivation reason added: 12; deactivation reasons: 8192 -> 12288; animating application lifecycle event: 0
2026-09-29 16:19:44.833028+0000 0x19f4a    Default     0x0                  40755  0    GitHubStore: (UIKitCore) [com.apple.UIKit:AppLifecycle] sceneOfRecord: sceneID: sceneID:zed.rainxch.githubstore-default  persistentID: 09DC9736-983B-4FCD-8658-2691A8D5897B
